{
    "Objects": [
        {
            "name": "FirefightersPants_Black",
            "pos": [
                12688.96875,
                22.304096221923829,
                7480.66845703125
            ],
            "ypr": [
                -76.77871704101563,
                0.0,
                -0.0
            ],
            "scale": 0.9999998211860657,
            "enableCEPersistency": 0
        },
        {
            "name": "Bark_Oak",
            "pos": [
                12827.810546875,
                6.474424839019775,
                7228.556640625
            ],
            "ypr": [
                -70.40707397460938,
                0.0,
                -0.0
            ],
            "scale": 0.9999997019767761,
            "enableCEPersistency": 0
        },
        {
            "name": "MediumTent",
            "pos": [
                12819.529296875,
                6.134998321533203,
                7240.119140625
            ],
            "ypr": [
                18.0,
                -0.0,
                -0.0
            ],
            "scale": 1.0,
            "enableCEPersistency": 0
        },
        {
            "name": "Firewood",
            "pos": [
                12827.109375,
                6.519591331481934,
                7227.85986328125
            ],
            "ypr": [
                143.30201721191407,
                0.0,
                -0.0
            ],
            "scale": 0.9999997615814209,
            "enableCEPersistency": 0
        },
        {
            "name": "FirefightersPants_Black",
            "pos": [
                12689.333984375,
                22.304096221923829,
                7481.33447265625
            ],
            "ypr": [
                18.664798736572267,
                0.0,
                -0.0
            ],
            "scale": 1.0,
            "enableCEPersistency": 0
        },
        {
            "name": "DeadFox",
            "pos": [
                12824.9423828125,
                6.4770989418029789,
                7228.818359375
            ],
            "ypr": [
                -162.00010681152345,
                0.0,
                -0.0
            ],
            "scale": 1.0,
            "enableCEPersistency": 0
        },
        {
            "name": "MediumTent_Orange",
            "pos": [
                12819.607421875,
                6.119952201843262,
                7240.4375
            ],
            "ypr": [
                18.0,
                -0.0,
                -0.0
            ],
            "scale": 1.0,
            "enableCEPersistency": 0
        },
        {
            "name": "StaticObj_Hanged_civil",
            "pos": [
                12831.34765625,
                7.139956474304199,
                7230.42578125
            ],
            "ypr": [
                -162.06138610839845,
                -71.80512237548828,
                -89.99999237060547
            ],
            "scale": 0.949999988079071,
            "enableCEPersistency": 0
        },
        {
            "name": "FirefightersPants_Beige",
            "pos": [
                12689.431640625,
                22.30388069152832,
                7481.9169921875
            ],
            "ypr": [
                0.0,
                0.0,
                -0.0
            ],
            "scale": 1.0,
            "enableCEPersistency": 0
        },
        {
            "name": "TrashCan",
            "pos": [
                12829.9208984375,
                6.443463325500488,
                7230.85302734375
            ],
            "ypr": [
                0.0,
                0.0,
                -0.0
            ],
            "scale": 1.0,
            "enableCEPersistency": 0
        },
        {
            "name": "LargeTent",
            "pos": [
                12818.4794921875,
                6.14368200302124,
                7240.0791015625
            ],
            "ypr": [
                18.0,
                -0.0,
                -0.0
            ],
            "scale": 1.0,
            "enableCEPersistency": 0
        },
        {
            "name": "StaticObj_Pipe_Small_Broken",
            "pos": [
                12834.669921875,
                6.645859241485596,
                7229.515625
            ],
            "ypr": [
                -74.59367370605469,
                0.0,
                -0.0
            ],
            "scale": 1.0000003576278687,
            "enableCEPersistency": 0
        },
        {
            "name": "FirefightersPants_Beige",
            "pos": [
                12689.689453125,
                22.30388069152832,
                7482.1982421875
            ],
            "ypr": [
                174.61514282226563,
                0.0,
                -0.0
            ],
            "scale": 1.0000004768371583,
            "enableCEPersistency": 0
        },
        {
            "name": "CombatKnife",
            "pos": [
                12829.111328125,
                7.383478164672852,
                7231.1025390625
            ],
            "ypr": [
                19.537290573120118,
                5.000007152557373,
                -180.0
            ],
            "scale": 1.0000003576278687,
            "enableCEPersistency": 0
        },
        {
            "name": "FirefighterJacket_Beige",
            "pos": [
                12689.6650390625,
                22.797080993652345,
                7482.29833984375
            ],
            "ypr": [
                98.99999237060547,
                -90.0,
                -180.0
            ],
            "scale": 1.0,
            "enableCEPersistency": 0
        },
        {
            "name": "TrashCan",
            "pos": [
                12829.9208984375,
                6.443463325500488,
                7230.85302734375
            ],
            "ypr": [
                0.0,
                0.0,
                -0.0
            ],
            "scale": 1.0,
            "enableCEPersistency": 0
        },
        {
            "name": "FirefighterJacket_Beige",
            "pos": [
                12689.5107421875,
                22.797080993652345,
                7481.77294921875
            ],
            "ypr": [
                -150.8814697265625,
                -90.0,
                -0.000005008955668017734
            ],
            "scale": 0.9999998211860657,
            "enableCEPersistency": 0
        },
        {
            "name": "TrashCan",
            "pos": [
                12829.9208984375,
                6.443463325500488,
                7230.85302734375
            ],
            "ypr": [
                0.0,
                0.0,
                -0.0
            ],
            "scale": 1.0,
            "enableCEPersistency": 0
        },
        {
            "name": "FirefighterJacket_Black",
            "pos": [
                12689.29296875,
                22.797080993652345,
                7481.21435546875
            ],
            "ypr": [
                98.99999237060547,
                -89.98020935058594,
                -180.0
            ],
            "scale": 0.9999999403953552,
            "enableCEPersistency": 0
        },
        {
            "name": "TrashCan",
            "pos": [
                12829.9208984375,
                6.443463325500488,
                7230.85302734375
            ],
            "ypr": [
                0.0,
                0.0,
                -0.0
            ],
            "scale": 1.0,
            "enableCEPersistency": 0
        },
        {
            "name": "FirefighterJacket_Black",
            "pos": [
                12689.146484375,
                22.797080993652345,
                7480.70654296875
            ],
            "ypr": [
                17.520410537719728,
                -89.98020935058594,
                179.99998474121095
            ],
            "scale": 1.000000238418579,
            "enableCEPersistency": 0
        },
        {
            "name": "MediumTent_Green",
            "pos": [
                12819.400390625,
                6.150736331939697,
                7239.79541015625
            ],
            "ypr": [
                18.0,
                -0.0,
                -0.0
            ],
            "scale": 1.0,
            "enableCEPersistency": 0
        },
        {
            "name": "FirefightersHelmet_Red",
            "pos": [
                12689.685546875,
                23.50263023376465,
                7481.7998046875
            ],
            "ypr": [
                -180.0,
                -0.000005008955668017734,
                -180.0
            ],
            "scale": 1.0,
            "enableCEPersistency": 0
        },
        {
            "name": "AmmoBox_12gaSlug_10Rnd",
            "pos": [
                12830.5078125,
                7.939334392547607,
                7230.078125
            ],
            "ypr": [
                -166.70452880859376,
                -90.0,
                -0.000022311800421448426
            ],
            "scale": 1.0000001192092896,
            "enableCEPersistency": 0
        },
        {
            "name": "FirefightersHelmet_Yellow",
            "pos": [
                12689.35546875,
                23.51473045349121,
                7480.806640625
            ],
            "ypr": [
                105.27236938476563,
                -0.000005008955668017734,
                -180.0
            ],
            "scale": 1.0000003576278687,
            "enableCEPersistency": 0
        },
        {
            "name": "AmmoBox_12gaSlug_10Rnd",
            "pos": [
                12830.56640625,
                7.939334392547607,
                7230.07763671875
            ],
            "ypr": [
                13.295455932617188,
                -89.98020935058594,
                179.99996948242188
            ],
            "scale": 1.0,
            "enableCEPersistency": 0
        },
        {
            "name": "FirefightersHelmet_White",
            "pos": [
                12693.7607421875,
                22.9851016998291,
                7483.580078125
            ],
            "ypr": [
                0.0,
                0.0,
                -0.0
            ],
            "scale": 1.0,
            "enableCEPersistency": 0
        },
        {
            "name": "AmmoBox_12gaSlug_10Rnd",
            "pos": [
                12830.4619140625,
                7.939334392547607,
                7230.1083984375
            ],
            "ypr": [
                13.295456886291504,
                -90.0,
                179.99998474121095
            ],
            "scale": 1.0000001192092896,
            "enableCEPersistency": 0
        },
        {
            "name": "WeaponCleaningKit",
            "pos": [
                12830.15625,
                7.936759948730469,
                7228.73876953125
            ],
            "ypr": [
                -70.51704406738281,
                90.0,
                -180.0
            ],
            "scale": 1.0000001192092896,
            "enableCEPersistency": 0
        },
        {
            "name": "Ammo_12gaPellets",
            "pos": [
                12830.45703125,
                7.918394565582275,
                7229.93017578125
            ],
            "ypr": [
                138.3110809326172,
                0.0,
                -0.0
            ],
            "scale": 0.9999997615814209,
            "enableCEPersistency": 0
        },
        {
            "name": "FirefightersHelmet_White",
            "pos": [
                12694.1904296875,
                22.9851016998291,
                7483.40966796875
            ],
            "ypr": [
                67.88916778564453,
                0.6597598791122437,
                -0.26803722977638247
            ],
            "scale": 1.0000001192092896,
            "enableCEPersistency": 0
        },
        {
            "name": "Ammo_12gaPellets",
            "pos": [
                12830.4228515625,
                7.918394565582275,
                7229.85302734375
            ],
            "ypr": [
                160.2587890625,
                0.0,
                -0.0
            ],
            "scale": 0.9999998211860657,
            "enableCEPersistency": 0
        },
        {
            "name": "Grenade_ChemGas",
            "pos": [
                12685.314453125,
                17.722415924072267,
                7482.6279296875
            ],
            "ypr": [
                0.0,
                -0.0,
                -0.0
            ],
            "scale": 1.0,
            "enableCEPersistency": 0
        },
        {
            "name": "Ammo_12gaPellets",
            "pos": [
                12830.3876953125,
                7.918394565582275,
                7229.79150390625
            ],
            "ypr": [
                163.65423583984376,
                0.0,
                -0.0
            ],
            "scale": 0.9999998211860657,
            "enableCEPersistency": 0
        },
        {
            "name": "FirefightersHelmet_White",
            "pos": [
                12694.56640625,
                23.019916534423829,
                7483.21484375
            ],
            "ypr": [
                -72.09850311279297,
                0.0,
                90.0
            ],
            "scale": 1.0000005960464478,
            "enableCEPersistency": 0
        },
        {
            "name": "Ammo_12gaPellets",
            "pos": [
                12830.5341796875,
                7.918394565582275,
                7229.853515625
            ],
            "ypr": [
                172.62353515625,
                0.0,
                -0.0
            ],
            "scale": 0.9999998211860657,
            "enableCEPersistency": 0
        },
        {
            "name": "TTSKOBoots",
            "pos": [
                12689.193359375,
                21.797080993652345,
                7480.58056640625
            ],
            "ypr": [
                -89.99995422363281,
                0.0,
                0.0
            ],
            "scale": 1.0,
            "enableCEPersistency": 0
        },
        {
            "name": "AmmoBox_12gaSlug_10Rnd",
            "pos": [
                12830.4658203125,
                7.939334392547607,
                7230.00048828125
            ],
            "ypr": [
                106.21818542480469,
                -90.0,
                -0.000022311800421448426
            ],
            "scale": 1.0000001192092896,
            "enableCEPersistency": 0
        },
        {
            "name": "Grenade_ChemGas",
            "pos": [
                12685.14453125,
                17.722415924072267,
                7482.689453125
            ],
            "ypr": [
                0.0,
                0.0,
                -0.0
            ],
            "scale": 1.0,
            "enableCEPersistency": 0
        },
        {
            "name": "Ammo_12gaPellets",
            "pos": [
                12830.3515625,
                7.918394565582275,
                7229.724609375
            ],
            "ypr": [
                160.2587890625,
                0.0,
                -0.0
            ],
            "scale": 0.9999998211860657,
            "enableCEPersistency": 0
        },
        {
            "name": "TTSKOBoots",
            "pos": [
                12689.24609375,
                21.797080993652345,
                7480.8798828125
            ],
            "ypr": [
                -34.48409652709961,
                0.0,
                -0.0
            ],
            "scale": 1.0,
            "enableCEPersistency": 0
        },
        {
            "name": "Ammo_12gaPellets",
            "pos": [
                12830.31640625,
                7.918394565582275,
                7229.6630859375
            ],
            "ypr": [
                163.6542205810547,
                0.0,
                -0.0
            ],
            "scale": 0.9999998211860657,
            "enableCEPersistency": 0
        },
        {
            "name": "Grenade_ChemGas",
            "pos": [
                12685.2646484375,
                17.722415924072267,
                7482.7333984375
            ],
            "ypr": [
                0.0,
                0.0,
                -0.0
            ],
            "scale": 1.0,
            "enableCEPersistency": 0
        },
        {
            "name": "Ammo_12gaPellets",
            "pos": [
                12830.4677734375,
                7.918394565582275,
                7229.7197265625
            ],
            "ypr": [
                163.65420532226563,
                0.0,
                -0.0
            ],
            "scale": 0.9999997615814209,
            "enableCEPersistency": 0
        },
        {
            "name": "TTSKOBoots",
            "pos": [
                12689.5810546875,
                21.797080993652345,
                7481.7802734375
            ],
            "ypr": [
                -114.6128921508789,
                0.0,
                -0.0
            ],
            "scale": 1.0000008344650269,
            "enableCEPersistency": 0
        },
        {
            "name": "BoxCerealCrunchin",
            "pos": [
                12826.4609375,
                8.044843673706055,
                7227.93994140625
            ],
            "ypr": [
                92.23016357421875,
                0.0,
                -0.0
            ],
            "scale": 1.0,
            "enableCEPersistency": 0
        },
        {
            "name": "Grenade_ChemGas",
            "pos": [
                12685.345703125,
                17.722415924072267,
                7482.70849609375
            ],
            "ypr": [
                0.0,
                0.0,
                -0.0
            ],
            "scale": 1.0,
            "enableCEPersistency": 0
        },
        {
            "name": "WaterBottle",
            "pos": [
                12830.298828125,
                7.566078186035156,
                7229.126953125
            ],
            "ypr": [
                0.0,
                0.0,
                -0.0
            ],
            "scale": 1.0,
            "enableCEPersistency": 0
        },
        {
            "name": "TTSKOBoots",
            "pos": [
                12689.7998046875,
                21.797080993652345,
                7482.29638671875
            ],
            "ypr": [
                -56.976287841796878,
                -0.9400739669799805,
                -0.15969301760196687
            ],
            "scale": 1.000001311302185,
            "enableCEPersistency": 0
        },
        {
            "name": "SV98",
            "pos": [
                12829.8583984375,
                6.84974479675293,
                7229.240234375
            ],
            "ypr": [
                110.2373046875,
                -12.0,
                90.0
            ],
            "scale": 1.0,
            "enableCEPersistency": 0
        },
        {
            "name": "WorkingGloves_Black",
            "pos": [
                12689.3828125,
                23.297080993652345,
                7480.98681640625
            ],
            "ypr": [
                0.0,
                -0.0,
                -0.0
            ],
            "scale": 1.0,
            "enableCEPersistency": 0
        },
        {
            "name": "Mag_SV98_10Rnd",
            "pos": [
                12830.21875,
                7.949622631072998,
                7229.197265625
            ],
            "ypr": [
                18.0000057220459,
                -0.0,
                -0.0
            ],
            "scale": 1.0,
            "enableCEPersistency": 0
        },
        {
            "name": "NBCGlovesYellow",
            "pos": [
                12685.4296875,
                18.137100219726564,
                7483.1318359375
            ],
            "ypr": [
                -62.99997329711914,
                0.0,
                0.0
            ],
            "scale": 1.0,
            "enableCEPersistency": 0
        },
        {
            "name": "Mag_SV98_10Rnd",
            "pos": [
                12830.212890625,
                7.949622631072998,
                7229.1181640625
            ],
            "ypr": [
                18.000003814697267,
                0.0,
                -0.0
            ],
            "scale": 1.0,
            "enableCEPersistency": 0
        },
        {
            "name": "WorkingGloves_Black",
            "pos": [
                12689.5478515625,
                23.297080993652345,
                7481.2880859375
            ],
            "ypr": [
                -94.28123474121094,
                0.0,
                -0.0
            ],
            "scale": 1.0000003576278687,
            "enableCEPersistency": 0
        },
        {
            "name": "AmmoBox_762x54Tracer_20Rnd",
            "pos": [
                12830.2197265625,
                7.919419765472412,
                7228.97998046875
            ],
            "ypr": [
                113.36449432373047,
                90.0,
                -89.99999237060547
            ],
            "scale": 0.9999998211860657,
            "enableCEPersistency": 0
        },
        {
            "name": "WorkingGloves_Beige",
            "pos": [
                12689.826171875,
                23.297080993652345,
                7482.330078125
            ],
            "ypr": [
                0.0,
                0.0,
                -0.0
            ],
            "scale": 1.0,
            "enableCEPersistency": 0
        },
        {
            "name": "AmmoBox_762x54Tracer_20Rnd",
            "pos": [
                12830.2197265625,
                7.942789077758789,
                7228.97998046875
            ],
            "ypr": [
                -63.46504211425781,
                89.97201538085938,
                90.00000762939453
            ],
            "scale": 1.0,
            "enableCEPersistency": 0
        },
        {
            "name": "NBCHoodWhite",
            "pos": [
                12685.4658203125,
                18.13348960876465,
                7483.3583984375
            ],
            "ypr": [
                126.00006103515625,
                0.0,
                -0.0
            ],
            "scale": 1.0,
            "enableCEPersistency": 0
        },
        {
            "name": "AmmoBox_762x54Tracer_20Rnd",
            "pos": [
                12830.2197265625,
                7.964451789855957,
                7228.97998046875
            ],
            "ypr": [
                -68.75253295898438,
                89.96572875976563,
                90.00000762939453
            ],
            "scale": 0.9999998211860657,
            "enableCEPersistency": 0
        },
        {
            "name": "WorkingGloves_Beige",
            "pos": [
                12689.7783203125,
                23.297080993652345,
                7482.1005859375
            ],
            "ypr": [
                -90.25997924804688,
                0.0,
                -0.0
            ],
            "scale": 1.0000005960464478,
            "enableCEPersistency": 0
        },
        {
            "name": "AmmoBox_762x54Tracer_20Rnd",
            "pos": [
                12830.2197265625,
                7.985972881317139,
                7228.97998046875
            ],
            "ypr": [
                -67.74002838134766,
                89.95575714111328,
                90.00000762939453
            ],
            "scale": 0.9999999403953552,
            "enableCEPersistency": 0
        },
        {
            "name": "NBCPantsWhite",
            "pos": [
                12685.603515625,
                18.12600326538086,
                7483.6181640625
            ],
            "ypr": [
                25.059669494628908,
                0.0,
                -0.0
            ],
            "scale": 1.0000003576278687,
            "enableCEPersistency": 0
        },
        {
            "name": "AmmoBox_762x54Tracer_20Rnd",
            "pos": [
                12830.146484375,
                7.919419765472412,
                7229.02880859375
            ],
            "ypr": [
                -66.635498046875,
                89.97201538085938,
                90.00000762939453
            ],
            "scale": 0.9999999403953552,
            "enableCEPersistency": 0
        },
        {
            "name": "FxExploArmor3",
            "pos": [
                12709.080078125,
                18.185914993286134,
                7473.72216796875
            ],
            "ypr": [
                0.0,
                -0.0,
                -0.0
            ],
            "scale": 1.0,
            "enableCEPersistency": 0
        },
        {
            "name": "BaseballCap_Camo",
            "pos": [
                12684.9443359375,
                18.313335418701173,
                7479.47802734375
            ],
            "ypr": [
                107.99998474121094,
                -90.0,
                -180.0
            ],
            "scale": 1.0,
            "enableCEPersistency": 0
        },
        {
            "name": "SportGlasses_Black",
            "pos": [
                12684.8916015625,
                18.337554931640626,
                7479.79052734375
            ],
            "ypr": [
                -154.67727661132813,
                -90.0,
                -180.0
            ],
            "scale": 1.0000001192092896,
            "enableCEPersistency": 0
        },
        {
            "name": "BomberJacket_Black",
            "pos": [
                12684.8388671875,
                17.847848892211915,
                7479.64013671875
            ],
            "ypr": [
                170.92822265625,
                -15.000028610229493,
                -90.0
            ],
            "scale": 1.0000019073486329,
            "enableCEPersistency": 0
        },
        {
            "name": "CargoPants_Grey",
            "pos": [
                12684.8974609375,
                16.77505111694336,
                7479.78564453125
            ],
            "ypr": [
                27.0,
                -0.0,
                -0.0
            ],
            "scale": 0.9999999403953552,
            "enableCEPersistency": 0
        },
        {
            "name": "HikingBoots_Brown",
            "pos": [
                12684.935546875,
                16.848928451538087,
                7479.677734375
            ],
            "ypr": [
                0.0,
                0.0,
                -0.0
            ],
            "scale": 1.0,
            "enableCEPersistency": 0
        },
        {
            "name": "Bandana_Greenpattern",
            "pos": [
                12685.1279296875,
                17.990266799926759,
                7479.609375
            ],
            "ypr": [
                113.76649475097656,
                0.0,
                -0.0
            ],
            "scale": 1.0000005960464478,
            "enableCEPersistency": 0
        },
        {
            "name": "NBCBootsWhite",
            "pos": [
                12685.65234375,
                18.240873336791993,
                7483.58837890625
            ],
            "ypr": [
                0.0,
                0.0,
                -0.0
            ],
            "scale": 1.0,
            "enableCEPersistency": 0
        },
        {
            "name": "FirefighterAxe",
            "pos": [
                12689.556640625,
                17.433055877685548,
                7484.49853515625
            ],
            "ypr": [
                -161.99998474121095,
                0.000005008955668017734,
                171.99998474121095
            ],
            "scale": 1.0,
            "enableCEPersistency": 0
        },
        {
            "name": "FirefighterAxe_Black",
            "pos": [
                12690.3720703125,
                17.56916618347168,
                7485.6572265625
            ],
            "ypr": [
                117.0,
                0.0,
                90.0
            ],
            "scale": 1.0,
            "enableCEPersistency": 0
        },
        {
            "name": "FirefighterAxe_Green",
            "pos": [
                12690.470703125,
                17.805797576904298,
                7486.33837890625
            ],
            "ypr": [
                -60.62594985961914,
                0.0,
                90.0
            ],
            "scale": 0.9999998211860657,
            "enableCEPersistency": 0
        },
        {
            "name": "FireExtinguisher",
            "pos": [
                12690.111328125,
                17.562374114990236,
                7484.3583984375
            ],
            "ypr": [
                0.0,
                -0.0,
                -0.0
            ],
            "scale": 1.0,
            "enableCEPersistency": 0
        },
        {
            "name": "FireExtinguisher",
            "pos": [
                12689.66796875,
                17.884782791137697,
                7483.935546875
            ],
            "ypr": [
                31.38749122619629,
                90.0,
                -0.000005008955668017734
            ],
            "scale": 1.0000004768371583,
            "enableCEPersistency": 0
        },
        {
            "name": "StaticObj_Wreck_Decal_Big_NoLC_DE",
            "pos": [
                12681.076171875,
                16.737380981445314,
                7487.70068359375
            ],
            "ypr": [
                27.0,
                -0.0,
                -0.0
            ],
            "scale": 0.9999999403953552,
            "enableCEPersistency": 0
        },
        {
            "name": "StaticObj_Wreck_Decal_Small2_NoLC_DE",
            "pos": [
                12686.697265625,
                16.748226165771486,
                7488.6474609375
            ],
            "ypr": [
                0.0,
                0.0,
                -0.0
            ],
            "scale": 1.0,
            "enableCEPersistency": 0
        },
        {
            "name": "StaticObj_Wreck_HMMWV_DE",
            "pos": [
                12681.421875,
                17.643226623535158,
                7487.548828125
            ],
            "ypr": [
                18.0,
                -0.0,
                -0.0
            ],
            "scale": 1.0,
            "enableCEPersistency": 0
        },
        {
            "name": "BaseRadio",
            "pos": [
                12693.9560546875,
                17.938819885253908,
                7476.9736328125
            ],
            "ypr": [
                103.07858276367188,
                0.0,
                -0.0
            ],
            "scale": 1.0000001192092896,
            "enableCEPersistency": 0
        },
        {
            "name": "Grenade_ChemGas",
            "pos": [
                12685.2333984375,
                17.722415924072267,
                7482.65283203125
            ],
            "ypr": [
                0.0,
                0.0,
                -0.0
            ],
            "scale": 1.0,
            "enableCEPersistency": 0
        },
        {
            "name": "CarBattery",
            "pos": [
                12685.0693359375,
                18.47514533996582,
                7486.328125
            ],
            "ypr": [
                24.53190040588379,
                0.0,
                4.999999046325684
            ],
            "scale": 0.9999999403953552,
            "enableCEPersistency": 0
        },
        {
            "name": "BandageDressing",
            "pos": [
                12685.3037109375,
                18.073083877563478,
                7482.8759765625
            ],
            "ypr": [
                -0.000005008955668017734,
                -90.0,
                -0.000005008955668017734
            ],
            "scale": 1.0,
            "enableCEPersistency": 0
        },
        {
            "name": "BandageDressing",
            "pos": [
                12685.236328125,
                18.07464027404785,
                7482.7158203125
            ],
            "ypr": [
                107.11833190917969,
                -90.0,
                179.99998474121095
            ],
            "scale": 1.0000001192092896,
            "enableCEPersistency": 0
        },
        {
            "name": "BandageDressing",
            "pos": [
                12685.236328125,
                18.3027286529541,
                7482.7158203125
            ],
            "ypr": [
                -72.88166809082031,
                -90.0,
                -0.000022311800421448426
            ],
            "scale": 1.0,
            "enableCEPersistency": 0
        },
        {
            "name": "BandageDressing",
            "pos": [
                12685.2509765625,
                18.3027286529541,
                7482.7783203125
            ],
            "ypr": [
                107.11831665039063,
                -90.0,
                179.99996948242188
            ],
            "scale": 1.0,
            "enableCEPersistency": 0
        },
        {
            "name": "Epinephrine",
            "pos": [
                12685.3349609375,
                18.29180908203125,
                7482.84912109375
            ],
            "ypr": [
                -71.4979476928711,
                90.0,
                -180.0
            ],
            "scale": 1.0000007152557374,
            "enableCEPersistency": 0
        },
        {
            "name": "Epinephrine",
            "pos": [
                12685.35546875,
                18.29180908203125,
                7482.89990234375
            ],
            "ypr": [
                108.50204467773438,
                90.0,
                -0.000005008955668017734
            ],
            "scale": 1.0000008344650269,
            "enableCEPersistency": 0
        },
        {
            "name": "PersonalRadio",
            "pos": [
                12752.42578125,
                13.33901596069336,
                7309.3837890625
            ],
            "ypr": [
                -174.4457244873047,
                0.0,
                -0.0
            ],
            "scale": 1.0000003576278687,
            "enableCEPersistency": 0
        },
        {
            "name": "PersonalRadio",
            "pos": [
                12752.4443359375,
                13.33901596069336,
                7309.31201171875
            ],
            "ypr": [
                -174.44570922851563,
                0.0,
                -0.0
            ],
            "scale": 1.0000004768371583,
            "enableCEPersistency": 0
        },
        {
            "name": "PersonalRadio",
            "pos": [
                12752.3984375,
                13.33901596069336,
                7309.24560546875
            ],
            "ypr": [
                -174.44569396972657,
                0.0,
                -0.0
            ],
            "scale": 1.0000004768371583,
            "enableCEPersistency": 0
        },
        {
            "name": "Battery9V",
            "pos": [
                12752.525390625,
                13.33901596069336,
                7309.23388671875
            ],
            "ypr": [
                0.0,
                -0.0,
                -0.0
            ],
            "scale": 1.0,
            "enableCEPersistency": 0
        },
        {
            "name": "Battery9V",
            "pos": [
                12752.7734375,
                13.33901596069336,
                7309.189453125
            ],
            "ypr": [
                0.0,
                0.0,
                -0.0
            ],
            "scale": 1.0,
            "enableCEPersistency": 0
        },
        {
            "name": "Battery9V",
            "pos": [
                12752.6337890625,
                13.33901596069336,
                7309.23046875
            ],
            "ypr": [
                0.0,
                0.0,
                -0.0
            ],
            "scale": 1.0,
            "enableCEPersistency": 0
        },
        {
            "name": "PoliceVest",
            "pos": [
                12752.630859375,
                12.579015731811524,
                7309.40185546875
            ],
            "ypr": [
                0.0,
                0.0,
                -0.0
            ],
            "scale": 1.0,
            "enableCEPersistency": 0
        },
        {
            "name": "PoliceVest",
            "pos": [
                12753.4521484375,
                12.579015731811524,
                7309.19091796875
            ],
            "ypr": [
                -178.2387237548828,
                0.0,
                -0.0
            ],
            "scale": 1.0000003576278687,
            "enableCEPersistency": 0
        },
        {
            "name": "PoliceCap",
            "pos": [
                12753.416015625,
                13.342223167419434,
                7309.1865234375
            ],
            "ypr": [
                34.09994125366211,
                -90.0,
                -180.0
            ],
            "scale": 1.0000001192092896,
            "enableCEPersistency": 0
        },
        {
            "name": "MilitaryBelt",
            "pos": [
                12752.6923828125,
                12.959015846252442,
                7309.28271484375
            ],
            "ypr": [
                0.0,
                -0.0,
                -0.0
            ],
            "scale": 1.0,
            "enableCEPersistency": 0
        },
        {
            "name": "MilitaryBelt",
            "pos": [
                12753.3759765625,
                12.959015846252442,
                7306.15673828125
            ],
            "ypr": [
                0.0,
                -0.0,
                -0.0
            ],
            "scale": 1.0,
            "enableCEPersistency": 0
        },
        {
            "name": "MilitaryBelt",
            "pos": [
                12753.4013671875,
                12.959015846252442,
                7306.25341796875
            ],
            "ypr": [
                5.185224533081055,
                0.0,
                -0.0
            ],
            "scale": 1.0,
            "enableCEPersistency": 0
        },
        {
            "name": "MilitaryBelt",
            "pos": [
                12752.6220703125,
                12.959015846252442,
                7306.35693359375
            ],
            "ypr": [
                -27.422527313232423,
                0.0,
                -0.0
            ],
            "scale": 1.0,
            "enableCEPersistency": 0
        },
        {
            "name": "MilitaryBelt",
            "pos": [
                12752.47265625,
                12.959015846252442,
                7306.4150390625
            ],
            "ypr": [
                -3.420799493789673,
                0.15464673936367036,
                0.006299163214862347
            ],
            "scale": 1.0000001192092896,
            "enableCEPersistency": 0
        },
        {
            "name": "CombatBoots_Black",
            "pos": [
                12752.1181640625,
                12.204015731811524,
                7306.4267578125
            ],
            "ypr": [
                -98.99994659423828,
                0.0,
                -0.0
            ],
            "scale": 1.0,
            "enableCEPersistency": 0
        },
        {
            "name": "CombatBoots_Black",
            "pos": [
                12752.404296875,
                12.204015731811524,
                7306.39208984375
            ],
            "ypr": [
                0.06715738773345947,
                0.0,
                -0.0
            ],
            "scale": 1.0000003576278687,
            "enableCEPersistency": 0
        },
        {
            "name": "Handcuffs",
            "pos": [
                12752.8515625,
                12.955981254577637,
                7309.25048828125
            ],
            "ypr": [
                180.0,
                90.0,
                -180.0
            ],
            "scale": 1.0,
            "enableCEPersistency": 0
        },
        {
            "name": "Handcuffs",
            "pos": [
                12753.0107421875,
                12.955981254577637,
                7309.30615234375
            ],
            "ypr": [
                -157.91064453125,
                90.0,
                -0.000005008955668017734
            ],
            "scale": 1.0000005960464478,
            "enableCEPersistency": 0
        },
        {
            "name": "HandcuffKeys",
            "pos": [
                12753.2998046875,
                12.968171119689942,
                7309.22412109375
            ],
            "ypr": [
                -180.0,
                -90.0,
                -180.0
            ],
            "scale": 1.0,
            "enableCEPersistency": 0
        },
        {
            "name": "HandcuffKeys",
            "pos": [
                12753.369140625,
                12.968171119689942,
                7309.13232421875
            ],
            "ypr": [
                -0.000005008955668017734,
                -90.0,
                -0.000005008955668017734
            ],
            "scale": 1.0,
            "enableCEPersistency": 0
        },
        {
            "name": "NBCJacketWhite",
            "pos": [
                12685.6318359375,
                18.324010848999025,
                7483.544921875
            ],
            "ypr": [
                89.99995422363281,
                0.0,
                -0.0
            ],
            "scale": 1.0,
            "enableCEPersistency": 0
        },
        {
            "name": "Handcuffs",
            "pos": [
                12753.59375,
                12.955981254577637,
                7309.19580078125
            ],
            "ypr": [
                109.3224868774414,
                90.0,
                -0.000005008955668017734
            ],
            "scale": 1.0000005960464478,
            "enableCEPersistency": 0
        },
        {
            "name": "Mp133Shotgun",
            "pos": [
                12830.66796875,
                8.09875202178955,
                7229.76025390625
            ],
            "ypr": [
                -72.0,
                0.0,
                -5.0
            ],
            "scale": 1.0,
            "enableCEPersistency": 0
        },
        {
            "name": "Winchester70_Black",
            "pos": [
                12830.5478515625,
                8.299102783203125,
                7229.41455078125
            ],
            "ypr": [
                -71.9999008178711,
                0.0,
                -6.0
            ],
            "scale": 1.0,
            "enableCEPersistency": 0
        },
        {
            "name": "AmmoBox_12gaSlug_10Rnd",
            "pos": [
                12830.5029296875,
                7.939334392547607,
                7230.22021484375
            ],
            "ypr": [
                12.477270126342774,
                -90.0,
                -180.0
            ],
            "scale": 1.0,
            "enableCEPersistency": 0
        },
        {
            "name": "AmmoBox_12gaSlug_10Rnd",
            "pos": [
                12830.548828125,
                7.939334392547607,
                7230.19091796875
            ],
            "ypr": [
                -167.52272033691407,
                -90.0,
                -0.000005008955668017734
            ],
            "scale": 1.0,
            "enableCEPersistency": 0
        },
        {
            "name": "AirborneMask",
            "pos": [
                12685.826171875,
                18.089441299438478,
                7483.9833984375
            ],
            "ypr": [
                -61.82384490966797,
                0.0,
                -0.0
            ],
            "scale": 0.9999999403953552,
            "enableCEPersistency": 0
        },
        {
            "name": "AmmoBox_12gaSlug_10Rnd",
            "pos": [
                12830.607421875,
                7.939334392547607,
                7230.19140625
            ],
            "ypr": [
                12.477274894714356,
                -90.0,
                179.99998474121095
            ],
            "scale": 1.0,
            "enableCEPersistency": 0
        },
        {
            "name": "GasMask_Filter",
            "pos": [
                12685.7158203125,
                18.094228744506837,
                7484.1708984375
            ],
            "ypr": [
                1.1761356592178345,
                0.0,
                -0.0
            ],
            "scale": 0.9999999403953552,
            "enableCEPersistency": 0
        },
        {
            "name": "Grenade_ChemGas",
            "pos": [
                12685.17578125,
                17.722415924072267,
                7482.77001953125
            ],
            "ypr": [
                0.0,
                0.0,
                -0.0
            ],
            "scale": 1.0,
            "enableCEPersistency": 0
        },
        {
            "name": "CZ75",
            "pos": [
                12830.48828125,
                7.437073707580566,
                7230.0244140625
            ],
            "ypr": [
                -72.0,
                -90.0,
                -180.0
            ],
            "scale": 0.9999999403953552,
            "enableCEPersistency": 0
        },
        {
            "name": "GasMask_Filter",
            "pos": [
                12685.646484375,
                18.094228744506837,
                7484.07080078125
            ],
            "ypr": [
                1.1761356592178345,
                0.0,
                -0.0
            ],
            "scale": 0.9999999403953552,
            "enableCEPersistency": 0
        },
        {
            "name": "Mag_CZ75_15Rnd",
            "pos": [
                12830.4951171875,
                7.434403419494629,
                7229.9716796875
            ],
            "ypr": [
                108.00009155273438,
                90.0,
                -180.0
            ],
            "scale": 1.0,
            "enableCEPersistency": 0
        },
        {
            "name": "Mag_CZ75_15Rnd",
            "pos": [
                12830.490234375,
                7.434403419494629,
                7229.91650390625
            ],
            "ypr": [
                -71.9999008178711,
                90.0,
                -0.000005008955668017734
            ],
            "scale": 1.0,
            "enableCEPersistency": 0
        },
        {
            "name": "Mag_CZ75_15Rnd",
            "pos": [
                12830.484375,
                7.434403419494629,
                7229.857421875
            ],
            "ypr": [
                108.00009155273438,
                90.0,
                179.99998474121095
            ],
            "scale": 1.0000001192092896,
            "enableCEPersistency": 0
        },
        {
            "name": "GasMask_Filter",
            "pos": [
                12685.6083984375,
                18.094228744506837,
                7483.93994140625
            ],
            "ypr": [
                1.1761356592178345,
                0.0,
                -0.0
            ],
            "scale": 0.9999999403953552,
            "enableCEPersistency": 0
        },
        {
            "name": "ImprovisedSuppressor",
            "pos": [
                12830.1513671875,
                7.5692009925842289,
                7228.75732421875
            ],
            "ypr": [
                0.0,
                0.0,
                -0.0
            ],
            "scale": 1.0,
            "enableCEPersistency": 0
        },
        {
            "name": "ImprovisedSuppressor",
            "pos": [
                12830.0595703125,
                7.5692009925842289,
                7228.76171875
            ],
            "ypr": [
                0.0,
                0.0,
                -0.0
            ],
            "scale": 1.0,
            "enableCEPersistency": 0
        },
        {
            "name": "ImprovisedSuppressor",
            "pos": [
                12830.068359375,
                7.5692009925842289,
                7228.8759765625
            ],
            "ypr": [
                0.0,
                0.0,
                -0.0
            ],
            "scale": 1.0,
            "enableCEPersistency": 0
        },
        {
            "name": "ImprovisedSuppressor",
            "pos": [
                12830.181640625,
                7.5692009925842289,
                7228.87841796875
            ],
            "ypr": [
                0.0,
                0.0,
                -0.0
            ],
            "scale": 1.0,
            "enableCEPersistency": 0
        },
        {
            "name": "ImprovisedSuppressor",
            "pos": [
                12830.1298828125,
                7.5692009925842289,
                7228.9609375
            ],
            "ypr": [
                0.0,
                0.0,
                -0.0
            ],
            "scale": 1.0,
            "enableCEPersistency": 0
        },
        {
            "name": "WaterBottle",
            "pos": [
                12830.328125,
                7.566078186035156,
                7229.2314453125
            ],
            "ypr": [
                0.0,
                0.0,
                -0.0
            ],
            "scale": 1.0,
            "enableCEPersistency": 0
        },
        {
            "name": "AmmoBox_762x54Tracer_20Rnd",
            "pos": [
                12830.146484375,
                7.942789077758789,
                7229.02880859375
            ],
            "ypr": [
                -63.46503448486328,
                89.96572875976563,
                90.00000762939453
            ],
            "scale": 0.9999998211860657,
            "enableCEPersistency": 0
        },
        {
            "name": "WaterBottle",
            "pos": [
                12830.361328125,
                7.566078186035156,
                7229.32666015625
            ],
            "ypr": [
                0.0,
                0.0,
                -0.0
            ],
            "scale": 1.0,
            "enableCEPersistency": 0
        },
        {
            "name": "WaterBottle",
            "pos": [
                12830.28125,
                7.566078186035156,
                7229.35205078125
            ],
            "ypr": [
                0.0,
                0.0,
                -0.0
            ],
            "scale": 1.0,
            "enableCEPersistency": 0
        },
        {
            "name": "DuctTape",
            "pos": [
                12830.375,
                7.460094451904297,
                7229.53076171875
            ],
            "ypr": [
                16.29461669921875,
                -90.0,
                179.99998474121095
            ],
            "scale": 1.0049999952316285,
            "enableCEPersistency": 0
        },
        {
            "name": "AmmoBox_762x54Tracer_20Rnd",
            "pos": [
                12830.146484375,
                7.964451789855957,
                7229.02880859375
            ],
            "ypr": [
                -68.75252532958985,
                89.95575714111328,
                90.00000762939453
            ],
            "scale": 0.9999998211860657,
            "enableCEPersistency": 0
        },
        {
            "name": "DuctTape",
            "pos": [
                12830.376953125,
                7.511500835418701,
                7229.53857421875
            ],
            "ypr": [
                -142.10067749023438,
                -90.0,
                -0.000022311800421448426
            ],
            "scale": 1.0049999952316285,
            "enableCEPersistency": 0
        },
        {
            "name": "DuctTape",
            "pos": [
                12830.41015625,
                7.489071369171143,
                7229.64111328125
            ],
            "ypr": [
                -163.7050018310547,
                -12.06089973449707,
                -0.0
            ],
            "scale": 1.0049999952316285,
            "enableCEPersistency": 0
        },
        {
            "name": "AmmoBox_308WinTracer_20Rnd",
            "pos": [
                12830.2998046875,
                7.919946670532227,
                7229.54443359375
            ],
            "ypr": [
                27.0000057220459,
                90.0,
                -180.0
            ],
            "scale": 1.0,
            "enableCEPersistency": 0
        },
        {
            "name": "ACOGOptic_6x",
            "pos": [
                12829.83203125,
                7.486915111541748,
                7228.7373046875
            ],
            "ypr": [
                0.0,
                0.0,
                -0.0
            ],
            "scale": 1.0,
            "enableCEPersistency": 0
        },
        {
            "name": "AmmoBox_308WinTracer_20Rnd",
            "pos": [
                12830.2998046875,
                7.943932056427002,
                7229.54443359375
            ],
            "ypr": [
                -155.53634643554688,
                90.0,
                -0.000005008955668017734
            ],
            "scale": 1.0,
            "enableCEPersistency": 0
        },
        {
            "name": "AmmoBox_308WinTracer_20Rnd",
            "pos": [
                12830.2998046875,
                7.966622829437256,
                7229.54443359375
            ],
            "ypr": [
                29.98638343811035,
                90.0,
                179.99998474121095
            ],
            "scale": 0.9999998211860657,
            "enableCEPersistency": 0
        },
        {
            "name": "AmmoBox_308WinTracer_20Rnd",
            "pos": [
                12830.27734375,
                7.943932056427002,
                7229.37744140625
            ],
            "ypr": [
                13.847753524780274,
                90.0,
                179.99998474121095
            ],
            "scale": 0.9999997019767761,
            "enableCEPersistency": 0
        },
        {
            "name": "DeadChicken_White",
            "pos": [
                12824.3359375,
                6.478117942810059,
                7228.4814453125
            ],
            "ypr": [
                -133.5935821533203,
                0.0,
                -0.0
            ],
            "scale": 0.9999999403953552,
            "enableCEPersistency": 0
        },
        {
            "name": "AmmoBox_308WinTracer_20Rnd",
            "pos": [
                12830.27734375,
                7.966622829437256,
                7229.37744140625
            ],
            "ypr": [
                -160.62950134277345,
                89.96572875976563,
                -0.00002231179860245902
            ],
            "scale": 0.9999995231628418,
            "enableCEPersistency": 0
        },
        {
            "name": "AmmoBox_308WinTracer_20Rnd",
            "pos": [
                12830.27734375,
                7.919946670532227,
                7229.37744140625
            ],
            "ypr": [
                -163.6158905029297,
                90.0,
                -0.000005008955668017734
            ],
            "scale": 0.9999998211860657,
            "enableCEPersistency": 0
        },
        {
            "name": "AmmoBox_308WinTracer_20Rnd",
            "pos": [
                12830.2294921875,
                7.9413580894470219,
                7229.39306640625
            ],
            "ypr": [
                -71.13442993164063,
                0.0,
                90.0
            ],
            "scale": 0.9999997019767761,
            "enableCEPersistency": 0
        },
        {
            "name": "DeadChicken_Brown",
            "pos": [
                12825.1865234375,
                6.474106311798096,
                7229.9013671875
            ],
            "ypr": [
                0.0,
                -0.0,
                -0.0
            ],
            "scale": 1.0,
            "enableCEPersistency": 0
        },
        {
            "name": "FryingPan",
            "pos": [
                12830.9306640625,
                7.426030158996582,
                7230.8876953125
            ],
            "ypr": [
                18.0,
                -0.0,
                -0.0
            ],
            "scale": 1.0,
            "enableCEPersistency": 0
        },
        {
            "name": "Pot",
            "pos": [
                12830.755859375,
                7.426030158996582,
                7230.5283203125
            ],
            "ypr": [
                0.0,
                -0.0,
                -0.0
            ],
            "scale": 1.0,
            "enableCEPersistency": 0
        },
        {
            "name": "Honey",
            "pos": [
                12825.3916015625,
                7.183156490325928,
                7230.70068359375
            ],
            "ypr": [
                0.0,
                0.0,
                -0.0
            ],
            "scale": 1.0,
            "enableCEPersistency": 0
        },
        {
            "name": "StaticObj_carpet_big_dirty",
            "pos": [
                12824.814453125,
                7.9160332679748539,
                7230.33251953125
            ],
            "ypr": [
                19.005685806274415,
                0.0,
                90.0
            ],
            "scale": 1.0,
            "enableCEPersistency": 0
        },
        {
            "name": "Honey",
            "pos": [
                12825.4248046875,
                7.183156490325928,
                7230.583984375
            ],
            "ypr": [
                66.17010498046875,
                0.0,
                -0.0
            ],
            "scale": 1.0000003576278687,
            "enableCEPersistency": 0
        },
        {
            "name": "Honey",
            "pos": [
                12825.5595703125,
                7.183156490325928,
                7230.64453125
            ],
            "ypr": [
                66.17011260986328,
                0.0,
                -0.0
            ],
            "scale": 1.000000238418579,
            "enableCEPersistency": 0
        },
        {
            "name": "BoxCerealCrunchin",
            "pos": [
                12826.650390625,
                8.044843673706055,
                7227.86669921875
            ],
            "ypr": [
                44.09819030761719,
                0.0,
                -0.0
            ],
            "scale": 1.0,
            "enableCEPersistency": 0
        },
        {
            "name": "StaticObj_Misc_WoodReserve",
            "pos": [
                12836.0830078125,
                6.544800281524658,
                7237.33740234375
            ],
            "ypr": [
                -69.07495880126953,
                0.0,
                -0.0
            ],
            "scale": 1.0,
            "enableCEPersistency": 0
        },
        {
            "name": "Rice",
            "pos": [
                12826.81640625,
                7.95631217956543,
                7227.75927734375
            ],
            "ypr": [
                0.0,
                0.0,
                -0.0
            ],
            "scale": 1.0,
            "enableCEPersistency": 0
        },
        {
            "name": "Firewood",
            "pos": [
                12829.783203125,
                6.519591331481934,
                7229.6357421875
            ],
            "ypr": [
                0.0,
                0.0,
                -0.0
            ],
            "scale": 1.0,
            "enableCEPersistency": 0
        },
        {
            "name": "Firewood",
            "pos": [
                12829.5419921875,
                6.519591331481934,
                7230.498046875
            ],
            "ypr": [
                -73.77044677734375,
                0.0,
                -0.0
            ],
            "scale": 1.0000003576278687,
            "enableCEPersistency": 0
        },
        {
            "name": "Land_Roadblock_WoodenCrate",
            "pos": [
                12836.7275390625,
                5.8902506828308109,
                7236.0048828125
            ],
            "ypr": [
                18.0,
                -0.0,
                -0.0
            ],
            "scale": 1.0,
            "enableCEPersistency": 0
        },
        {
            "name": "Firewood",
            "pos": [
                12828.77734375,
                6.519591331481934,
                7230.61279296875
            ],
            "ypr": [
                -56.883235931396487,
                0.0,
                -0.0
            ],
            "scale": 1.0000003576278687,
            "enableCEPersistency": 0
        },
        {
            "name": "Firewood",
            "pos": [
                12830.0537109375,
                6.519591331481934,
                7227.978515625
            ],
            "ypr": [
                13.947346687316895,
                0.0,
                -0.0
            ],
            "scale": 1.0000001192092896,
            "enableCEPersistency": 0
        },
        {
            "name": "WoodenStick",
            "pos": [
                12829.693359375,
                6.505704402923584,
                7228.6552734375
            ],
            "ypr": [
                0.0,
                0.0,
                -0.0
            ],
            "scale": 1.0000022649765015,
            "enableCEPersistency": 0
        },
        {
            "name": "Land_Roadblock_WoodenCrate",
            "pos": [
                12836.744140625,
                6.520566463470459,
                7236.01513671875
            ],
            "ypr": [
                18.0,
                0.0,
                -0.0
            ],
            "scale": 1.0,
            "enableCEPersistency": 0
        },
        {
            "name": "WoodenStick",
            "pos": [
                12829.48828125,
                6.505704402923584,
                7228.74560546875
            ],
            "ypr": [
                29.12533187866211,
                0.0,
                -0.0
            ],
            "scale": 1.000001072883606,
            "enableCEPersistency": 0
        },
        {
            "name": "WoodenStick",
            "pos": [
                12829.4560546875,
                6.505704402923584,
                7229.04345703125
            ],
            "ypr": [
                81.76968383789063,
                0.0,
                -0.0
            ],
            "scale": 1.0000015497207642,
            "enableCEPersistency": 0
        },
        {
            "name": "WoodenStick",
            "pos": [
                12829.0947265625,
                6.505704402923584,
                7228.23876953125
            ],
            "ypr": [
                150.27569580078126,
                0.0,
                -0.0
            ],
            "scale": 1.0000022649765015,
            "enableCEPersistency": 0
        },
        {
            "name": "WoodenStick",
            "pos": [
                12828.9716796875,
                6.505704402923584,
                7228.9580078125
            ],
            "ypr": [
                155.95034790039063,
                0.0,
                -0.0
            ],
            "scale": 0.9999999403953552,
            "enableCEPersistency": 0
        },
        {
            "name": "Bark_Oak",
            "pos": [
                12829.1767578125,
                6.474424839019775,
                7229.544921875
            ],
            "ypr": [
                0.0,
                -0.0,
                -0.0
            ],
            "scale": 1.0,
            "enableCEPersistency": 0
        },
        {
            "name": "Bark_Oak",
            "pos": [
                12828.2783203125,
                6.474424839019775,
                7227.53857421875
            ],
            "ypr": [
                15.054536819458008,
                0.0,
                -0.0
            ],
            "scale": 0.9999998211860657,
            "enableCEPersistency": 0
        }
    ]
}