{
    "Objects": [
        {
            "name": "Bear_Beige",
            "pos": [
                14245.494140625,
                35.394344329833987,
                9635.259765625
            ],
            "ypr": [
                144.00006103515626,
                0.0,
                -0.0
            ],
            "scale": 1.9999998807907105,
            "enableCEPersistency": 0
        },
        {
            "name": "Paper",
            "pos": [
                14245.9677734375,
                35.5860595703125,
                9637.6181640625
            ],
            "ypr": [
                -98.99999237060547,
                -89.98020935058594,
                -180.0
            ],
            "scale": 0.9999999403953552,
            "enableCEPersistency": 0
        },
        {
            "name": "Paper",
            "pos": [
                14245.904296875,
                35.5860595703125,
                9637.3232421875
            ],
            "ypr": [
                124.16656494140625,
                -89.68224334716797,
                -9.557816505432129
            ],
            "scale": 0.9999999403953552,
            "enableCEPersistency": 0
        },
        {
            "name": "StaticObj_Furniture_case_bedroom_b",
            "pos": [
                14243.7880859375,
                34.88336181640625,
                9635.1923828125
            ],
            "ypr": [
                89.9999008178711,
                0.0,
                -0.0
            ],
            "scale": 1.0,
            "enableCEPersistency": 0
        },
        {
            "name": "StaticObj_Furniture_hangar_lamp",
            "pos": [
                14245.8046875,
                37.094581604003909,
                9636.7158203125
            ],
            "ypr": [
                -87.01752471923828,
                0.0,
                -0.0
            ],
            "scale": 0.5,
            "enableCEPersistency": 0
        },
        {
            "name": "PortableGasLamp",
            "pos": [
                14243.6298828125,
                36.042877197265628,
                9635.228515625
            ],
            "ypr": [
                0.0,
                -0.0,
                -0.0
            ],
            "scale": 1.0,
            "enableCEPersistency": 0
        },
        {
            "name": "MediumGasCanister",
            "pos": [
                14243.9111328125,
                36.150634765625,
                9635.33203125
            ],
            "ypr": [
                0.0,
                0.0,
                -0.0
            ],
            "scale": 1.0,
            "enableCEPersistency": 0
        },
        {
            "name": "SmallGasCanister",
            "pos": [
                14243.693359375,
                36.13054656982422,
                9635.484375
            ],
            "ypr": [
                0.0,
                0.0,
                -0.0
            ],
            "scale": 1.0,
            "enableCEPersistency": 0
        },
        {
            "name": "QuiltedJacket_Black",
            "pos": [
                14238.802734375,
                36.05073928833008,
                9636.701171875
            ],
            "ypr": [
                -149.9625244140625,
                -90.0,
                -180.0
            ],
            "scale": 1.0000009536743165,
            "enableCEPersistency": 0
        },
        {
            "name": "PlateCarrierVest_Black",
            "pos": [
                14238.7900390625,
                36.105987548828128,
                9637.07421875
            ],
            "ypr": [
                178.026123046875,
                -14.499999046325684,
                -90.0
            ],
            "scale": 0.9999999403953552,
            "enableCEPersistency": 0
        },
        {
            "name": "CargoPants_Black",
            "pos": [
                14238.7236328125,
                35.436946868896487,
                9636.7607421875
            ],
            "ypr": [
                -71.99996185302735,
                0.0,
                0.0
            ],
            "scale": 1.0,
            "enableCEPersistency": 0
        },
        {
            "name": "TTSKOBoots",
            "pos": [
                14238.869140625,
                34.90922927856445,
                9636.68359375
            ],
            "ypr": [
                -149.84193420410157,
                0.0,
                -0.0
            ],
            "scale": 0.9999998211860657,
            "enableCEPersistency": 0
        },
        {
            "name": "Bandana_BlackPattern",
            "pos": [
                14238.6962890625,
                35.436946868896487,
                9637.15625
            ],
            "ypr": [
                176.3310089111328,
                -90.0,
                -180.0
            ],
            "scale": 0.9999997615814209,
            "enableCEPersistency": 0
        },
        {
            "name": "CowboyHat_black",
            "pos": [
                14238.572265625,
                36.14165115356445,
                9637.37890625
            ],
            "ypr": [
                -89.99995422363281,
                0.0,
                0.0
            ],
            "scale": 1.0,
            "enableCEPersistency": 0
        },
        {
            "name": "WorkingGloves_Black",
            "pos": [
                14238.7578125,
                35.436946868896487,
                9637.4873046875
            ],
            "ypr": [
                0.0,
                -0.0,
                -0.0
            ],
            "scale": 1.0,
            "enableCEPersistency": 0
        },
        {
            "name": "AviatorGlasses",
            "pos": [
                14238.9794921875,
                35.45376968383789,
                9637.3935546875
            ],
            "ypr": [
                97.56816864013672,
                90.0,
                -180.0
            ],
            "scale": 0.9999998211860657,
            "enableCEPersistency": 0
        },
        {
            "name": "TrashCan",
            "pos": [
                14241.67578125,
                34.88336181640625,
                9634.32421875
            ],
            "ypr": [
                -89.99976348876953,
                0.0,
                -0.0
            ],
            "scale": 1.0,
            "enableCEPersistency": 0
        },
        {
            "name": "TrashCan",
            "pos": [
                14241.67578125,
                34.88336181640625,
                9634.32421875
            ],
            "ypr": [
                -89.99976348876953,
                0.0,
                -0.0
            ],
            "scale": 1.0,
            "enableCEPersistency": 0
        },
        {
            "name": "TrashCan",
            "pos": [
                14241.67578125,
                34.88336181640625,
                9634.32421875
            ],
            "ypr": [
                -89.99976348876953,
                0.0,
                -0.0
            ],
            "scale": 1.0,
            "enableCEPersistency": 0
        },
        {
            "name": "TrashCan",
            "pos": [
                14241.67578125,
                34.88336181640625,
                9634.32421875
            ],
            "ypr": [
                -89.99976348876953,
                0.0,
                -0.0
            ],
            "scale": 1.0,
            "enableCEPersistency": 0
        },
        {
            "name": "FirefighterAxe_Green",
            "pos": [
                14232.74609375,
                32.11076354980469,
                9645.5625
            ],
            "ypr": [
                -160.70095825195313,
                74.99999237060547,
                179.99998474121095
            ],
            "scale": 1.0,
            "enableCEPersistency": 0
        },
        {
            "name": "CanisterGasoline",
            "pos": [
                14244.43359375,
                31.541950225830079,
                9633.8125
            ],
            "ypr": [
                80.99995422363281,
                -0.0,
                -0.0
            ],
            "scale": 0.9999999403953552,
            "enableCEPersistency": 0
        },
        {
            "name": "CanisterGasoline",
            "pos": [
                14245.0107421875,
                31.541950225830079,
                9633.7021484375
            ],
            "ypr": [
                109.37319946289063,
                0.0,
                -0.0
            ],
            "scale": 1.0000003576278687,
            "enableCEPersistency": 0
        },
        {
            "name": "StaticObj_Furniture_wall_hanger",
            "pos": [
                14225.6494140625,
                33.17503356933594,
                9655.798828125
            ],
            "ypr": [
                125.99992370605469,
                0.0,
                -0.0
            ],
            "scale": 1.0,
            "enableCEPersistency": 0
        },
        {
            "name": "Hammer",
            "pos": [
                14225.142578125,
                32.15507888793945,
                9654.54296875
            ],
            "ypr": [
                174.74729919433595,
                90.0,
                -180.0
            ],
            "scale": 0.9999999403953552,
            "enableCEPersistency": 0
        },
        {
            "name": "SledgeHammer",
            "pos": [
                14225.193359375,
                32.726585388183597,
                9655.029296875
            ],
            "ypr": [
                -143.0692138671875,
                0.0,
                -0.0
            ],
            "scale": 1.0,
            "enableCEPersistency": 0
        },
        {
            "name": "WoodAxe",
            "pos": [
                14225.587890625,
                33.26288986206055,
                9655.5869140625
            ],
            "ypr": [
                -143.83636474609376,
                89.89912414550781,
                -180.0
            ],
            "scale": 0.9999997615814209,
            "enableCEPersistency": 0
        },
        {
            "name": "FieldShovel",
            "pos": [
                14225.8720703125,
                32.967437744140628,
                9655.9443359375
            ],
            "ypr": [
                -53.999969482421878,
                0.0,
                -0.0
            ],
            "scale": 1.0,
            "enableCEPersistency": 0
        },
        {
            "name": "Pickaxe",
            "pos": [
                14225.6220703125,
                32.3328742980957,
                9655.6494140625
            ],
            "ypr": [
                32.6659049987793,
                1.9999996423721314,
                -0.0
            ],
            "scale": 0.9999998211860657,
            "enableCEPersistency": 0
        },
        {
            "name": "Hatchet",
            "pos": [
                14225.388671875,
                32.988624572753909,
                9655.3212890625
            ],
            "ypr": [
                126.29608154296875,
                0.0,
                83.99999237060547
            ],
            "scale": 0.9999998211860657,
            "enableCEPersistency": 0
        },
        {
            "name": "HandSaw",
            "pos": [
                14225.9423828125,
                32.97761917114258,
                9656.0810546875
            ],
            "ypr": [
                -54.0,
                0.0,
                80.0
            ],
            "scale": 0.9999999403953552,
            "enableCEPersistency": 0
        },
        {
            "name": "Hammer",
            "pos": [
                14225.33203125,
                32.15507888793945,
                9654.4326171875
            ],
            "ypr": [
                35.137184143066409,
                89.97201538085938,
                -0.000005008955668017734
            ],
            "scale": 0.9999998211860657,
            "enableCEPersistency": 0
        },
        {
            "name": "CarRadiator",
            "pos": [
                14227.1181640625,
                32.10352325439453,
                9657.6982421875
            ],
            "ypr": [
                -53.999996185302737,
                -12.0,
                -0.0
            ],
            "scale": 1.0,
            "enableCEPersistency": 0
        },
        {
            "name": "SparkPlug",
            "pos": [
                14227.658203125,
                32.16642379760742,
                9657.755859375
            ],
            "ypr": [
                0.0,
                0.0,
                90.0
            ],
            "scale": 1.0,
            "enableCEPersistency": 0
        },
        {
            "name": "Battery9V",
            "pos": [
                14227.43359375,
                32.11589050292969,
                9657.119140625
            ],
            "ypr": [
                0.0,
                -0.0,
                -0.0
            ],
            "scale": 1.0,
            "enableCEPersistency": 0
        },
        {
            "name": "StaticObj_Tank_Small_Gas",
            "pos": [
                14240.6123046875,
                31.981056213378908,
                9631.451171875
            ],
            "ypr": [
                89.99995422363281,
                0.0,
                -0.0
            ],
            "scale": 1.0,
            "enableCEPersistency": 0
        },
        {
            "name": "StaticObj_Furniture_flag_chernarus_wall",
            "pos": [
                14241.75,
                36.11556625366211,
                9642.791015625
            ],
            "ypr": [
                0.542044997215271,
                0.0,
                -1.0
            ],
            "scale": 2.7500007152557375,
            "enableCEPersistency": 0
        },
        {
            "name": "StaticObj_Furniture_box_c_multi",
            "pos": [
                14220.728515625,
                31.515859603881837,
                9656.646484375
            ],
            "ypr": [
                -55.51362609863281,
                0.0,
                -0.0
            ],
            "scale": 1.0000003576278687,
            "enableCEPersistency": 0
        },
        {
            "name": "StaticObj_Furniture_box_c",
            "pos": [
                14223.5322265625,
                31.81416130065918,
                9653.806640625
            ],
            "ypr": [
                26.999988555908204,
                -0.0,
                -0.0
            ],
            "scale": 1.0,
            "enableCEPersistency": 0
        },
        {
            "name": "StaticObj_Furniture_box_c",
            "pos": [
                14223.4892578125,
                32.423492431640628,
                9653.9306640625
            ],
            "ypr": [
                34.92146301269531,
                0.0,
                -0.0
            ],
            "scale": 1.0,
            "enableCEPersistency": 0
        },
        {
            "name": "StaticObj_Furniture_box_c",
            "pos": [
                14223.5322265625,
                33.03340148925781,
                9653.806640625
            ],
            "ypr": [
                28.904966354370118,
                0.0,
                -0.0
            ],
            "scale": 0.9999999403953552,
            "enableCEPersistency": 0
        },
        {
            "name": "StaticObj_Furniture_box_c",
            "pos": [
                14222.822265625,
                31.81416130065918,
                9654.470703125
            ],
            "ypr": [
                46.89545440673828,
                0.0,
                -0.0
            ],
            "scale": 1.0,
            "enableCEPersistency": 0
        },
        {
            "name": "StaticObj_Furniture_box_c",
            "pos": [
                14220.1318359375,
                32.91212844848633,
                9657.0576171875
            ],
            "ypr": [
                0.0,
                0.0,
                -0.0
            ],
            "scale": 1.0,
            "enableCEPersistency": 0
        },
        {
            "name": "StaticObj_Furniture_tools_racking",
            "pos": [
                14223.845703125,
                31.517135620117189,
                9663.0869140625
            ],
            "ypr": [
                124.21013641357422,
                0.0,
                -0.0
            ],
            "scale": 1.0,
            "enableCEPersistency": 0
        },
        {
            "name": "StaticObj_Furniture_tools_racking",
            "pos": [
                14223.2197265625,
                31.517135620117189,
                9662.15234375
            ],
            "ypr": [
                124.21012878417969,
                0.0,
                -0.0
            ],
            "scale": 1.0,
            "enableCEPersistency": 0
        },
        {
            "name": "StaticObj_Furniture_tools_racking",
            "pos": [
                14222.5810546875,
                31.517135620117189,
                9661.2236328125
            ],
            "ypr": [
                124.21012878417969,
                0.0,
                -0.0
            ],
            "scale": 1.0,
            "enableCEPersistency": 0
        },
        {
            "name": "DeadChicken_Brown",
            "pos": [
                14249.310546875,
                31.455589294433595,
                9637.0849609375
            ],
            "ypr": [
                0.0,
                0.0,
                -0.0
            ],
            "scale": 1.0,
            "enableCEPersistency": 0
        },
        {
            "name": "DeadChicken_Spotted",
            "pos": [
                14250.0341796875,
                31.463335037231447,
                9638.017578125
            ],
            "ypr": [
                -80.99995422363281,
                0.0,
                0.0
            ],
            "scale": 0.9999999403953552,
            "enableCEPersistency": 0
        },
        {
            "name": "DeadChicken_Spotted",
            "pos": [
                14247.1435546875,
                31.452741622924806,
                9639.171875
            ],
            "ypr": [
                0.0,
                0.0,
                -0.0
            ],
            "scale": 1.0,
            "enableCEPersistency": 0
        },
        {
            "name": "DeadChicken_White",
            "pos": [
                14250.5830078125,
                31.45098114013672,
                9636.416015625
            ],
            "ypr": [
                0.0,
                0.0,
                -0.0
            ],
            "scale": 1.0,
            "enableCEPersistency": 0
        },
        {
            "name": "DeadFox",
            "pos": [
                14249.15625,
                31.44871711730957,
                9636.1826171875
            ],
            "ypr": [
                0.0,
                0.0,
                -0.0
            ],
            "scale": 1.0,
            "enableCEPersistency": 0
        },
        {
            "name": "Pitchfork",
            "pos": [
                14226.2470703125,
                32.48451614379883,
                9656.4794921875
            ],
            "ypr": [
                -52.98744201660156,
                0.0,
                -0.0
            ],
            "scale": 1.0,
            "enableCEPersistency": 0
        },
        {
            "name": "StaticObj_Dead_pile4",
            "pos": [
                14215.845703125,
                31.970836639404298,
                9653.9541015625
            ],
            "ypr": [
                0.0,
                0.0,
                -0.0
            ],
            "scale": 1.0,
            "enableCEPersistency": 0
        },
        {
            "name": "StaticObj_Hanged_civil",
            "pos": [
                14247.1826171875,
                36.328941345214847,
                9638.556640625
            ],
            "ypr": [
                -94.4897232055664,
                0.0,
                -0.0
            ],
            "scale": 0.9999998211860657,
            "enableCEPersistency": 0
        },
        {
            "name": "Mp133Shotgun",
            "pos": [
                14235.6796875,
                32.54161071777344,
                9639.4482421875
            ],
            "ypr": [
                86.0726318359375,
                9.0,
                90.0
            ],
            "scale": 1.0,
            "enableCEPersistency": 0
        },
        {
            "name": "AmmoBox",
            "pos": [
                14236.4990234375,
                32.267860412597659,
                9635.3349609375
            ],
            "ypr": [
                89.99995422363281,
                -0.0,
                -0.0
            ],
            "scale": 1.0,
            "enableCEPersistency": 0
        },
        {
            "name": "AmmoBox",
            "pos": [
                14236.37890625,
                32.267860412597659,
                9635.3564453125
            ],
            "ypr": [
                92.33177947998047,
                0.0,
                -0.0
            ],
            "scale": 1.0,
            "enableCEPersistency": 0
        },
        {
            "name": "AmmoBox",
            "pos": [
                14236.2392578125,
                32.267860412597659,
                9635.322265625
            ],
            "ypr": [
                81.11195373535156,
                0.0,
                -0.0
            ],
            "scale": 1.0,
            "enableCEPersistency": 0
        },
        {
            "name": "PlateCarrierVest_Winter",
            "pos": [
                14236.4384765625,
                33.40916061401367,
                9635.4140625
            ],
            "ypr": [
                85.22376251220703,
                -14.499999046325684,
                -90.0
            ],
            "scale": 1.0000003576278687,
            "enableCEPersistency": 0
        },
        {
            "name": "PlateCarrierHolster_Winter",
            "pos": [
                14236.0322265625,
                32.15877151489258,
                9635.6025390625
            ],
            "ypr": [
                0.0,
                0.0,
                -0.0
            ],
            "scale": 1.0,
            "enableCEPersistency": 0
        },
        {
            "name": "PlateCarrierPouches_Winter",
            "pos": [
                14235.7880859375,
                32.15877151489258,
                9635.7021484375
            ],
            "ypr": [
                0.0,
                0.0,
                -0.0
            ],
            "scale": 1.0,
            "enableCEPersistency": 0
        },
        {
            "name": "Magnum",
            "pos": [
                14236.49609375,
                32.175071716308597,
                9635.6552734375
            ],
            "ypr": [
                -180.0,
                90.0,
                -180.0
            ],
            "scale": 1.0,
            "enableCEPersistency": 0
        },
        {
            "name": "Lockpick",
            "pos": [
                14248.3564453125,
                31.553707122802736,
                9633.1728515625
            ],
            "ypr": [
                -106.57137298583985,
                -90.0,
                -180.0
            ],
            "scale": 1.0,
            "enableCEPersistency": 0
        },
        {
            "name": "Whetstone",
            "pos": [
                14247.88671875,
                32.13264083862305,
                9633.658203125
            ],
            "ypr": [
                0.0,
                -0.0,
                -0.0
            ],
            "scale": 1.0,
            "enableCEPersistency": 0
        },
        {
            "name": "StaticObj_picture_f",
            "pos": [
                14241.994140625,
                36.560054779052737,
                9637.318359375
            ],
            "ypr": [
                90.00008392333985,
                -90.0,
                -179.89999389648438
            ],
            "scale": 1.0000001192092896,
            "enableCEPersistency": 0
        },
        {
            "name": "StaticObj_picture_g",
            "pos": [
                14241.9814453125,
                36.566619873046878,
                9636.3583984375
            ],
            "ypr": [
                89.8466796875,
                -90.0,
                -180.0
            ],
            "scale": 1.0000003576278687,
            "enableCEPersistency": 0
        },
        {
            "name": "StaticObj_Furniture_Desk_Globe",
            "pos": [
                14237.0595703125,
                33.0488395690918,
                9633.5087890625
            ],
            "ypr": [
                -90.7944107055664,
                0.0,
                -0.0
            ],
            "scale": 1.0000003576278687,
            "enableCEPersistency": 0
        },
        {
            "name": "BookKingSolomonsMines",
            "pos": [
                14242.1279296875,
                33.21586990356445,
                9639.4921875
            ],
            "ypr": [
                -90.22416687011719,
                0.0,
                -0.0
            ],
            "scale": 0.9999993443489075,
            "enableCEPersistency": 0
        },
        {
            "name": "BookAPrincessOfMars",
            "pos": [
                14242.1767578125,
                33.21091079711914,
                9639.501953125
            ],
            "ypr": [
                -92.09976959228516,
                0.0,
                -0.0
            ],
            "scale": 0.9999992251396179,
            "enableCEPersistency": 0
        },
        {
            "name": "BookThePrisonerOfZenda",
            "pos": [
                14242.228515625,
                33.21103286743164,
                9639.5087890625
            ],
            "ypr": [
                -89.51972961425781,
                0.0,
                -0.0
            ],
            "scale": 0.9999998211860657,
            "enableCEPersistency": 0
        },
        {
            "name": "BookThePossessed",
            "pos": [
                14242.275390625,
                33.19513702392578,
                9639.509765625
            ],
            "ypr": [
                -87.37594604492188,
                0.0,
                -0.0
            ],
            "scale": 0.9999998211860657,
            "enableCEPersistency": 0
        },
        {
            "name": "BookTheManWhoWasThursday",
            "pos": [
                14242.33203125,
                33.203609466552737,
                9639.513671875
            ],
            "ypr": [
                -88.40302276611328,
                0.0,
                -0.0
            ],
            "scale": 0.9999993443489075,
            "enableCEPersistency": 0
        },
        {
            "name": "BookTheMahabharataOfKrishna",
            "pos": [
                14242.38671875,
                33.20708084106445,
                9639.517578125
            ],
            "ypr": [
                -89.8574447631836,
                0.0,
                -0.0
            ],
            "scale": 1.0000001192092896,
            "enableCEPersistency": 0
        },
        {
            "name": "BookTheIslandOfDoctorMoreau",
            "pos": [
                14242.4453125,
                33.198020935058597,
                9639.51171875
            ],
            "ypr": [
                -88.27482604980469,
                0.0,
                -0.0
            ],
            "scale": 0.9999997019767761,
            "enableCEPersistency": 0
        },
        {
            "name": "BookTheComingRace",
            "pos": [
                14242.498046875,
                33.201568603515628,
                9639.50390625
            ],
            "ypr": [
                -89.67585754394531,
                0.0,
                -0.0
            ],
            "scale": 1.0,
            "enableCEPersistency": 0
        },
        {
            "name": "BookTheCallOfTheWild",
            "pos": [
                14242.560546875,
                33.20656204223633,
                9639.5
            ],
            "ypr": [
                -85.76437377929688,
                0.0,
                -0.0
            ],
            "scale": 0.9999995231628418,
            "enableCEPersistency": 0
        },
        {
            "name": "BookSonsAndLovers",
            "pos": [
                14242.61328125,
                33.20473098754883,
                9639.5087890625
            ],
            "ypr": [
                -89.2087173461914,
                0.0,
                -0.0
            ],
            "scale": 0.9999995827674866,
            "enableCEPersistency": 0
        },
        {
            "name": "StaticObj_Statue_Enoch1",
            "pos": [
                14242.6767578125,
                33.218475341796878,
                9639.4677734375
            ],
            "ypr": [
                0.0,
                0.0,
                -0.0
            ],
            "scale": 0.09999998658895493,
            "enableCEPersistency": 0
        },
        {
            "name": "BookBible",
            "pos": [
                14243.03515625,
                33.09859848022461,
                9639.5576171875
            ],
            "ypr": [
                -180.0,
                -90.0,
                -137.0
            ],
            "scale": 1.0000001192092896,
            "enableCEPersistency": 0
        },
        {
            "name": "Candle",
            "pos": [
                14242.2705078125,
                33.614437103271487,
                9639.4326171875
            ],
            "ypr": [
                0.0,
                0.0,
                -0.0
            ],
            "scale": 1.0,
            "enableCEPersistency": 0
        },
        {
            "name": "StaticObj_picture_a",
            "pos": [
                14243.02734375,
                33.82883071899414,
                9639.677734375
            ],
            "ypr": [
                -178.9158935546875,
                -79.99998474121094,
                -0.000005008955668017734
            ],
            "scale": 1.0,
            "enableCEPersistency": 0
        },
        {
            "name": "BoxCerealCrunchin",
            "pos": [
                14243.642578125,
                33.698143005371097,
                9634.8505859375
            ],
            "ypr": [
                0.0,
                0.0,
                -0.0
            ],
            "scale": 1.0,
            "enableCEPersistency": 0
        },
        {
            "name": "Rice",
            "pos": [
                14243.6513671875,
                33.61448669433594,
                9634.6279296875
            ],
            "ypr": [
                -173.93148803710938,
                0.0,
                -0.0
            ],
            "scale": 0.9999998211860657,
            "enableCEPersistency": 0
        },
        {
            "name": "Honey",
            "pos": [
                14243.8662109375,
                32.894466400146487,
                9635.64453125
            ],
            "ypr": [
                0.0,
                -0.0,
                -0.0
            ],
            "scale": 1.0,
            "enableCEPersistency": 0
        },
        {
            "name": "FryingPan",
            "pos": [
                14243.7587890625,
                32.978431701660159,
                9636.46484375
            ],
            "ypr": [
                47.995243072509769,
                0.0,
                -0.0
            ],
            "scale": 1.0000005960464478,
            "enableCEPersistency": 0
        },
        {
            "name": "WaterBottle",
            "pos": [
                14239.5048828125,
                33.04235076904297,
                9635.9677734375
            ],
            "ypr": [
                0.0,
                0.0,
                -0.0
            ],
            "scale": 1.0,
            "enableCEPersistency": 0
        },
        {
            "name": "AmmoBox_12gaSlug_10Rnd",
            "pos": [
                14236.1162109375,
                32.20683288574219,
                9635.224609375
            ],
            "ypr": [
                0.00003242489765398204,
                0.0,
                -90.0
            ],
            "scale": 1.0,
            "enableCEPersistency": 0
        },
        {
            "name": "AmmoBox_12gaSlug_10Rnd",
            "pos": [
                14236.0068359375,
                32.20683288574219,
                9635.224609375
            ],
            "ypr": [
                0.000032424894016003239,
                0.0,
                -90.0
            ],
            "scale": 1.0,
            "enableCEPersistency": 0
        },
        {
            "name": "AmmoBox_12gaSlug_10Rnd",
            "pos": [
                14236.1220703125,
                32.253910064697269,
                9635.224609375
            ],
            "ypr": [
                4.520484924316406,
                0.0,
                -90.0
            ],
            "scale": 0.9999999403953552,
            "enableCEPersistency": 0
        },
        {
            "name": "AmmoBox_12gaSlug_10Rnd",
            "pos": [
                14236.0068359375,
                32.253910064697269,
                9635.220703125
            ],
            "ypr": [
                -3.661329507827759,
                0.0,
                -90.0
            ],
            "scale": 0.9999997019767761,
            "enableCEPersistency": 0
        },
        {
            "name": "AmmoBox_12gaSlug_10Rnd",
            "pos": [
                14236.1220703125,
                32.20799255371094,
                9635.3017578125
            ],
            "ypr": [
                -2.260193347930908,
                0.0,
                -90.0
            ],
            "scale": 0.9999997019767761,
            "enableCEPersistency": 0
        },
        {
            "name": "AmmoBox_12gaSlug_10Rnd",
            "pos": [
                14236.1220703125,
                32.25579071044922,
                9635.3017578125
            ],
            "ypr": [
                -8.365872383117676,
                0.0,
                -90.0
            ],
            "scale": 0.999999463558197,
            "enableCEPersistency": 0
        },
        {
            "name": "AmmoBox_12gaSlug_10Rnd",
            "pos": [
                14236.1220703125,
                32.30042266845703,
                9635.3017578125
            ],
            "ypr": [
                -1.6772394180297852,
                0.0,
                -90.0
            ],
            "scale": 0.9999992251396179,
            "enableCEPersistency": 0
        },
        {
            "name": "AmmoBox_12gaSlug_10Rnd",
            "pos": [
                14236.0048828125,
                32.20799255371094,
                9635.291015625
            ],
            "ypr": [
                -0.6442851424217224,
                0.0,
                -90.0
            ],
            "scale": 0.9999995231628418,
            "enableCEPersistency": 0
        },
        {
            "name": "AmmoBox_00buck_10rnd",
            "pos": [
                14235.88671875,
                32.217403411865237,
                9635.2373046875
            ],
            "ypr": [
                3.607222080230713,
                0.0,
                -90.0
            ],
            "scale": 0.9999995231628418,
            "enableCEPersistency": 0
        },
        {
            "name": "AmmoBox_00buck_10rnd",
            "pos": [
                14235.765625,
                32.217403411865237,
                9635.244140625
            ],
            "ypr": [
                1.8890413045883179,
                0.0,
                -90.0
            ],
            "scale": 0.999999463558197,
            "enableCEPersistency": 0
        },
        {
            "name": "AmmoBox_00buck_10rnd",
            "pos": [
                14235.7734375,
                32.217403411865237,
                9635.3125
            ],
            "ypr": [
                10.183355331420899,
                0.0,
                -90.0
            ],
            "scale": 0.9999992847442627,
            "enableCEPersistency": 0
        },
        {
            "name": "AmmoBox_00buck_10rnd",
            "pos": [
                14235.888671875,
                32.217403411865237,
                9635.30078125
            ],
            "ypr": [
                5.611763000488281,
                0.0,
                -90.0
            ],
            "scale": 0.9999992251396179,
            "enableCEPersistency": 0
        },
        {
            "name": "AmmoBox_00buck_10rnd",
            "pos": [
                14235.8876953125,
                32.25676345825195,
                9635.2392578125
            ],
            "ypr": [
                1.4877742528915406,
                3.511332283961943e-12,
                -90.0
            ],
            "scale": 0.9999995231628418,
            "enableCEPersistency": 0
        },
        {
            "name": "AmmoBox_00buck_10rnd",
            "pos": [
                14235.7666015625,
                32.25676345825195,
                9635.2421875
            ],
            "ypr": [
                -0.23041027784347535,
                7.633330816395057e-14,
                -90.0
            ],
            "scale": 1.0000014305114747,
            "enableCEPersistency": 0
        },
        {
            "name": "AmmoBox_00buck_10rnd",
            "pos": [
                14235.7724609375,
                32.25676345825195,
                9635.310546875
            ],
            "ypr": [
                8.063878059387207,
                9.159996979674068e-13,
                -90.0
            ],
            "scale": 1.000002384185791,
            "enableCEPersistency": 0
        },
        {
            "name": "AmmoBox_00buck_10rnd",
            "pos": [
                14235.8876953125,
                32.25676345825195,
                9635.302734375
            ],
            "ypr": [
                3.4923148155212404,
                0.0,
                -90.0
            ],
            "scale": 0.9999991059303284,
            "enableCEPersistency": 0
        },
        {
            "name": "AmmoBox_00buck_10rnd",
            "pos": [
                14235.720703125,
                32.217403411865237,
                9635.4140625
            ],
            "ypr": [
                -92.12522888183594,
                0.0,
                -90.0
            ],
            "scale": 0.9999985694885254,
            "enableCEPersistency": 0
        },
        {
            "name": "AmmoBox_357_20Rnd",
            "pos": [
                14235.884765625,
                32.195316314697269,
                9635.44140625
            ],
            "ypr": [
                88.04327392578125,
                -90.0,
                -180.0
            ],
            "scale": 0.9999999403953552,
            "enableCEPersistency": 0
        },
        {
            "name": "AmmoBox_357_20Rnd",
            "pos": [
                14235.9541015625,
                32.195316314697269,
                9635.4287109375
            ],
            "ypr": [
                -91.95671844482422,
                -89.97201538085938,
                -0.000005008955668017734
            ],
            "scale": 0.9999998211860657,
            "enableCEPersistency": 0
        },
        {
            "name": "AmmoBox_357_20Rnd",
            "pos": [
                14235.8916015625,
                32.195316314697269,
                9635.3935546875
            ],
            "ypr": [
                -88.31581115722656,
                -89.97201538085938,
                -0.000005008955668017734
            ],
            "scale": 0.9999998211860657,
            "enableCEPersistency": 0
        },
        {
            "name": "AmmoBox_357_20Rnd",
            "pos": [
                14235.9609375,
                32.195316314697269,
                9635.380859375
            ],
            "ypr": [
                -88.31580352783203,
                -89.96043395996094,
                -0.000005008955668017734
            ],
            "scale": 0.9999998211860657,
            "enableCEPersistency": 0
        },
        {
            "name": "AmmoBox_357_20Rnd",
            "pos": [
                14235.8193359375,
                32.195316314697269,
                9635.43359375
            ],
            "ypr": [
                -91.95671844482422,
                -89.97201538085938,
                -0.000005008955668017734
            ],
            "scale": 0.9999998211860657,
            "enableCEPersistency": 0
        },
        {
            "name": "AmmoBox_357_20Rnd",
            "pos": [
                14235.826171875,
                32.195316314697269,
                9635.3857421875
            ],
            "ypr": [
                -88.3157958984375,
                -89.96043395996094,
                -0.000005008955668017734
            ],
            "scale": 0.9999999403953552,
            "enableCEPersistency": 0
        },
        {
            "name": "AmmoBox_357_20Rnd",
            "pos": [
                14236.021484375,
                32.195316314697269,
                9635.443359375
            ],
            "ypr": [
                -14.699423789978028,
                -89.96043395996094,
                -0.000005008955668017734
            ],
            "scale": 1.0,
            "enableCEPersistency": 0
        }
    ]
}