{
    "Objects": [
        {
            "name": "StaticObj_Furniture_table_umakart",
            "pos": [
                7313.62548828125,
                79.31909942626953,
                12394.416015625
            ],
            "ypr": [
                -6.94234561920166,
                -0.9135408401489258,
                -0.0
            ],
            "scale": 1.0,
            "enableCEPersistency": 0
        },
        {
            "name": "StaticObj_Furniture_lobby_table",
            "pos": [
                7311.3876953125,
                78.56095123291016,
                12397.0537109375
            ],
            "ypr": [
                -9.0,
                0.0,
                0.0
            ],
            "scale": 1.0,
            "enableCEPersistency": 0
        },
        {
            "name": "Land_Misc_Table_Large_Spawn",
            "pos": [
                7309.68994140625,
                78.9070816040039,
                12393.2177734375
            ],
            "ypr": [
                -98.10328674316406,
                -2.1432807445526125,
                0.2997470200061798
            ],
            "scale": 1.0000004768371583,
            "enableCEPersistency": 0
        },
        {
            "name": "Plastic_Explosive",
            "pos": [
                7310.79150390625,
                79.07201385498047,
                12397.1845703125
            ],
            "ypr": [
                -2.699800968170166,
                0.0,
                -0.0
            ],
            "scale": 0.9999998807907105,
            "enableCEPersistency": 0
        },
        {
            "name": "Plastic_Explosive",
            "pos": [
                7310.82861328125,
                79.07201385498047,
                12397.01171875
            ],
            "ypr": [
                0.3214053511619568,
                0.0,
                -0.0
            ],
            "scale": 0.9999998807907105,
            "enableCEPersistency": 0
        },
        {
            "name": "Plastic_Explosive",
            "pos": [
                7310.86279296875,
                79.07201385498047,
                12396.859375
            ],
            "ypr": [
                -2.699800729751587,
                0.0,
                -0.0
            ],
            "scale": 0.9999997615814209,
            "enableCEPersistency": 0
        },
        {
            "name": "Plastic_Explosive",
            "pos": [
                7310.89794921875,
                79.07201385498047,
                12396.70703125
            ],
            "ypr": [
                -5.656725883483887,
                0.0,
                -0.0
            ],
            "scale": 0.9999997019767761,
            "enableCEPersistency": 0
        },
        {
            "name": "Plastic_Explosive",
            "pos": [
                7311.171875,
                79.07201385498047,
                12397.2373046875
            ],
            "ypr": [
                -4.263971328735352,
                0.0,
                -0.0
            ],
            "scale": 0.9999998807907105,
            "enableCEPersistency": 0
        },
        {
            "name": "Plastic_Explosive",
            "pos": [
                7311.2138671875,
                79.07201385498047,
                12397.06640625
            ],
            "ypr": [
                -1.242765188217163,
                0.0,
                -0.0
            ],
            "scale": 0.9999998807907105,
            "enableCEPersistency": 0
        },
        {
            "name": "Plastic_Explosive",
            "pos": [
                7311.251953125,
                79.07201385498047,
                12396.9150390625
            ],
            "ypr": [
                -4.263971328735352,
                0.0,
                -0.0
            ],
            "scale": 0.9999997615814209,
            "enableCEPersistency": 0
        },
        {
            "name": "Plastic_Explosive",
            "pos": [
                7311.29150390625,
                79.07201385498047,
                12396.763671875
            ],
            "ypr": [
                -7.2208967208862309,
                0.0,
                -0.0
            ],
            "scale": 0.9999996423721314,
            "enableCEPersistency": 0
        },
        {
            "name": "ImprovisedExplosive",
            "pos": [
                7311.4970703125,
                79.02976989746094,
                12397.259765625
            ],
            "ypr": [
                -9.0,
                0.0,
                -0.0
            ],
            "scale": 1.0,
            "enableCEPersistency": 0
        },
        {
            "name": "ImprovisedExplosive",
            "pos": [
                7311.5947265625,
                79.02976989746094,
                12396.8681640625
            ],
            "ypr": [
                -178.63931274414063,
                0.0,
                -0.0
            ],
            "scale": 1.0,
            "enableCEPersistency": 0
        },
        {
            "name": "ImprovisedExplosive",
            "pos": [
                7311.81591796875,
                79.02976989746094,
                12397.3330078125
            ],
            "ypr": [
                174.3540496826172,
                0.0,
                -0.0
            ],
            "scale": 1.0,
            "enableCEPersistency": 0
        },
        {
            "name": "ImprovisedExplosive",
            "pos": [
                7311.849609375,
                79.02976989746094,
                12397.0205078125
            ],
            "ypr": [
                174.35403442382813,
                0.0,
                -0.0
            ],
            "scale": 1.0,
            "enableCEPersistency": 0
        },
        {
            "name": "RemoteDetonator",
            "pos": [
                7312.01806640625,
                79.10966491699219,
                12397.3759765625
            ],
            "ypr": [
                0.0,
                0.0,
                -0.0
            ],
            "scale": 1.0,
            "enableCEPersistency": 0
        },
        {
            "name": "RemoteDetonator",
            "pos": [
                7312.0146484375,
                79.10966491699219,
                12397.2880859375
            ],
            "ypr": [
                -1.6498783826828004,
                0.0,
                -0.0
            ],
            "scale": 1.0,
            "enableCEPersistency": 0
        },
        {
            "name": "RemoteDetonator",
            "pos": [
                7312.0361328125,
                79.10966491699219,
                12397.15625
            ],
            "ypr": [
                -29.462112426757814,
                0.0,
                -0.0
            ],
            "scale": 0.9999999403953552,
            "enableCEPersistency": 0
        },
        {
            "name": "RemoteDetonator",
            "pos": [
                7312.0595703125,
                79.10966491699219,
                12397.0625
            ],
            "ypr": [
                5.099628448486328,
                0.0,
                -0.0
            ],
            "scale": 0.9999997615814209,
            "enableCEPersistency": 0
        },
        {
            "name": "Battery9V",
            "pos": [
                7312.05322265625,
                79.05363464355469,
                12396.892578125
            ],
            "ypr": [
                0.0,
                0.0,
                -0.0
            ],
            "scale": 1.0,
            "enableCEPersistency": 0
        },
        {
            "name": "Battery9V",
            "pos": [
                7312.0,
                79.05068969726563,
                12396.900390625
            ],
            "ypr": [
                -180.0,
                90.0,
                -180.0
            ],
            "scale": 1.0,
            "enableCEPersistency": 0
        },
        {
            "name": "Battery9V",
            "pos": [
                7311.947265625,
                79.05068969726563,
                12396.857421875
            ],
            "ypr": [
                33.96177673339844,
                90.0,
                -0.000005008955668017734
            ],
            "scale": 1.000000238418579,
            "enableCEPersistency": 0
        },
        {
            "name": "Battery9V",
            "pos": [
                7312.09765625,
                79.05363464355469,
                12396.83984375
            ],
            "ypr": [
                0.0,
                0.0,
                -0.0
            ],
            "scale": 1.0,
            "enableCEPersistency": 0
        },
        {
            "name": "M67Grenade",
            "pos": [
                7313.48095703125,
                79.77410888671875,
                12395.6103515625
            ],
            "ypr": [
                0.0,
                0.0,
                -0.0
            ],
            "scale": 1.0,
            "enableCEPersistency": 0
        },
        {
            "name": "M67Grenade",
            "pos": [
                7313.3935546875,
                79.78445434570313,
                12395.591796875
            ],
            "ypr": [
                0.0,
                0.0,
                -0.0
            ],
            "scale": 1.0,
            "enableCEPersistency": 0
        },
        {
            "name": "M67Grenade",
            "pos": [
                7313.29248046875,
                79.78427124023438,
                12395.57421875
            ],
            "ypr": [
                0.0,
                0.0,
                -0.0
            ],
            "scale": 1.0,
            "enableCEPersistency": 0
        },
        {
            "name": "M67Grenade",
            "pos": [
                7313.20703125,
                79.78983306884766,
                12395.5439453125
            ],
            "ypr": [
                0.0,
                0.0,
                -0.0
            ],
            "scale": 1.0,
            "enableCEPersistency": 0
        },
        {
            "name": "M67Grenade",
            "pos": [
                7313.12939453125,
                79.78413391113281,
                12395.544921875
            ],
            "ypr": [
                0.0,
                0.0,
                -0.0
            ],
            "scale": 1.0,
            "enableCEPersistency": 0
        },
        {
            "name": "M67Grenade",
            "pos": [
                7313.0380859375,
                79.7848892211914,
                12395.5244140625
            ],
            "ypr": [
                -0.021427052095532419,
                0.0,
                -0.0
            ],
            "scale": 0.9999998807907105,
            "enableCEPersistency": 0
        },
        {
            "name": "M67Grenade",
            "pos": [
                7313.49560546875,
                79.77410888671875,
                12395.50390625
            ],
            "ypr": [
                0.0,
                0.0,
                -0.0
            ],
            "scale": 1.0,
            "enableCEPersistency": 0
        },
        {
            "name": "M67Grenade",
            "pos": [
                7313.408203125,
                79.78445434570313,
                12395.4853515625
            ],
            "ypr": [
                0.0,
                0.0,
                -0.0
            ],
            "scale": 1.0,
            "enableCEPersistency": 0
        },
        {
            "name": "M67Grenade",
            "pos": [
                7313.30712890625,
                79.78427124023438,
                12395.4677734375
            ],
            "ypr": [
                0.0,
                0.0,
                -0.0
            ],
            "scale": 1.0,
            "enableCEPersistency": 0
        },
        {
            "name": "M67Grenade",
            "pos": [
                7313.2216796875,
                79.78983306884766,
                12395.4375
            ],
            "ypr": [
                0.0,
                0.0,
                -0.0
            ],
            "scale": 1.0,
            "enableCEPersistency": 0
        },
        {
            "name": "M67Grenade",
            "pos": [
                7313.14404296875,
                79.78413391113281,
                12395.4384765625
            ],
            "ypr": [
                0.0,
                0.0,
                -0.0
            ],
            "scale": 1.0,
            "enableCEPersistency": 0
        },
        {
            "name": "M67Grenade",
            "pos": [
                7313.052734375,
                79.7848892211914,
                12395.41796875
            ],
            "ypr": [
                -0.021427050232887269,
                0.0,
                -0.0
            ],
            "scale": 0.9999998807907105,
            "enableCEPersistency": 0
        },
        {
            "name": "M67Grenade",
            "pos": [
                7313.3173828125,
                79.78427124023438,
                12395.361328125
            ],
            "ypr": [
                0.0,
                0.0,
                -0.0
            ],
            "scale": 1.0,
            "enableCEPersistency": 0
        },
        {
            "name": "M67Grenade",
            "pos": [
                7313.23193359375,
                79.78983306884766,
                12395.3310546875
            ],
            "ypr": [
                0.0,
                0.0,
                -0.0
            ],
            "scale": 1.0,
            "enableCEPersistency": 0
        },
        {
            "name": "M67Grenade",
            "pos": [
                7313.154296875,
                79.78413391113281,
                12395.33203125
            ],
            "ypr": [
                0.0,
                0.0,
                -0.0
            ],
            "scale": 1.0,
            "enableCEPersistency": 0
        },
        {
            "name": "M67Grenade",
            "pos": [
                7313.06298828125,
                79.7848892211914,
                12395.3115234375
            ],
            "ypr": [
                -0.02142704837024212,
                0.0,
                -0.0
            ],
            "scale": 0.9999998807907105,
            "enableCEPersistency": 0
        },
        {
            "name": "M67Grenade",
            "pos": [
                7313.505859375,
                79.77410888671875,
                12395.3974609375
            ],
            "ypr": [
                0.0,
                0.0,
                -0.0
            ],
            "scale": 1.0,
            "enableCEPersistency": 0
        },
        {
            "name": "M67Grenade",
            "pos": [
                7313.41845703125,
                79.78445434570313,
                12395.37890625
            ],
            "ypr": [
                0.0,
                0.0,
                -0.0
            ],
            "scale": 1.0,
            "enableCEPersistency": 0
        },
        {
            "name": "Pot",
            "pos": [
                7313.646484375,
                79.76260375976563,
                12395.158203125
            ],
            "ypr": [
                0.0,
                0.0,
                -0.0
            ],
            "scale": 1.0,
            "enableCEPersistency": 0
        },
        {
            "name": "Pot",
            "pos": [
                7313.21484375,
                79.76260375976563,
                12395.0537109375
            ],
            "ypr": [
                0.0,
                0.0,
                -0.0
            ],
            "scale": 1.0,
            "enableCEPersistency": 0
        },
        {
            "name": "LargeGasCanister",
            "pos": [
                7313.6123046875,
                79.9614028930664,
                12394.8935546875
            ],
            "ypr": [
                -9.0,
                0.0,
                0.0
            ],
            "scale": 1.0,
            "enableCEPersistency": 0
        },
        {
            "name": "LargeGasCanister",
            "pos": [
                7313.40576171875,
                79.9614028930664,
                12394.8349609375
            ],
            "ypr": [
                -9.0,
                0.0,
                -0.0
            ],
            "scale": 1.0,
            "enableCEPersistency": 0
        },
        {
            "name": "PortableGasStove",
            "pos": [
                7313.16259765625,
                79.81951141357422,
                12394.630859375
            ],
            "ypr": [
                0.0,
                0.0,
                -0.0
            ],
            "scale": 1.0,
            "enableCEPersistency": 0
        },
        {
            "name": "PortableGasStove",
            "pos": [
                7313.17529296875,
                79.7707290649414,
                12394.8095703125
            ],
            "ypr": [
                -36.7901496887207,
                0.0,
                -0.0
            ],
            "scale": 1.0,
            "enableCEPersistency": 0
        },
        {
            "name": "M67Grenade",
            "pos": [
                7313.52490234375,
                79.81793975830078,
                12394.2783203125
            ],
            "ypr": [
                0.0,
                0.0,
                -0.0
            ],
            "scale": 1.0,
            "enableCEPersistency": 0
        },
        {
            "name": "M67Grenade",
            "pos": [
                7313.439453125,
                79.82350158691406,
                12394.248046875
            ],
            "ypr": [
                0.0,
                0.0,
                -0.0
            ],
            "scale": 1.0,
            "enableCEPersistency": 0
        },
        {
            "name": "M67Grenade",
            "pos": [
                7313.36181640625,
                79.81780242919922,
                12394.2490234375
            ],
            "ypr": [
                0.0,
                0.0,
                -0.0
            ],
            "scale": 1.0,
            "enableCEPersistency": 0
        },
        {
            "name": "M67Grenade",
            "pos": [
                7313.2705078125,
                79.81855773925781,
                12394.228515625
            ],
            "ypr": [
                -0.02142704837024212,
                0.0,
                -0.0
            ],
            "scale": 0.9999998807907105,
            "enableCEPersistency": 0
        },
        {
            "name": "M67Grenade",
            "pos": [
                7313.53515625,
                79.81793975830078,
                12394.171875
            ],
            "ypr": [
                0.0,
                0.0,
                -0.0
            ],
            "scale": 1.0,
            "enableCEPersistency": 0
        },
        {
            "name": "M67Grenade",
            "pos": [
                7313.44970703125,
                79.82350158691406,
                12394.1416015625
            ],
            "ypr": [
                0.0,
                0.0,
                -0.0
            ],
            "scale": 1.0,
            "enableCEPersistency": 0
        },
        {
            "name": "M67Grenade",
            "pos": [
                7313.3720703125,
                79.81780242919922,
                12394.142578125
            ],
            "ypr": [
                0.0,
                0.0,
                -0.0
            ],
            "scale": 1.0,
            "enableCEPersistency": 0
        },
        {
            "name": "M67Grenade",
            "pos": [
                7313.28076171875,
                79.81855773925781,
                12394.1220703125
            ],
            "ypr": [
                -0.02142704650759697,
                0.0,
                -0.0
            ],
            "scale": 0.9999998807907105,
            "enableCEPersistency": 0
        },
        {
            "name": "M67Grenade",
            "pos": [
                7313.7236328125,
                79.80777740478516,
                12394.2080078125
            ],
            "ypr": [
                0.0,
                0.0,
                -0.0
            ],
            "scale": 1.0,
            "enableCEPersistency": 0
        },
        {
            "name": "M67Grenade",
            "pos": [
                7313.63623046875,
                79.81812286376953,
                12394.189453125
            ],
            "ypr": [
                0.0,
                0.0,
                -0.0
            ],
            "scale": 1.0,
            "enableCEPersistency": 0
        },
        {
            "name": "M67Grenade",
            "pos": [
                7313.69873046875,
                79.80777740478516,
                12394.4208984375
            ],
            "ypr": [
                0.0,
                0.0,
                -0.0
            ],
            "scale": 1.0,
            "enableCEPersistency": 0
        },
        {
            "name": "M67Grenade",
            "pos": [
                7313.611328125,
                79.81812286376953,
                12394.40234375
            ],
            "ypr": [
                0.0,
                0.0,
                -0.0
            ],
            "scale": 1.0,
            "enableCEPersistency": 0
        },
        {
            "name": "M67Grenade",
            "pos": [
                7313.51025390625,
                79.81793975830078,
                12394.384765625
            ],
            "ypr": [
                0.0,
                0.0,
                -0.0
            ],
            "scale": 1.0,
            "enableCEPersistency": 0
        },
        {
            "name": "M67Grenade",
            "pos": [
                7313.4248046875,
                79.82350158691406,
                12394.3544921875
            ],
            "ypr": [
                0.0,
                0.0,
                -0.0
            ],
            "scale": 1.0,
            "enableCEPersistency": 0
        },
        {
            "name": "M67Grenade",
            "pos": [
                7313.34716796875,
                79.81780242919922,
                12394.35546875
            ],
            "ypr": [
                0.0,
                0.0,
                -0.0
            ],
            "scale": 1.0,
            "enableCEPersistency": 0
        },
        {
            "name": "M67Grenade",
            "pos": [
                7313.255859375,
                79.81855773925781,
                12394.3349609375
            ],
            "ypr": [
                -0.021427050232887269,
                0.0,
                -0.0
            ],
            "scale": 0.9999998807907105,
            "enableCEPersistency": 0
        },
        {
            "name": "M67Grenade",
            "pos": [
                7313.71337890625,
                79.80777740478516,
                12394.314453125
            ],
            "ypr": [
                0.0,
                0.0,
                -0.0
            ],
            "scale": 1.0,
            "enableCEPersistency": 0
        },
        {
            "name": "M67Grenade",
            "pos": [
                7313.6259765625,
                79.81812286376953,
                12394.2958984375
            ],
            "ypr": [
                0.0,
                0.0,
                -0.0
            ],
            "scale": 1.0,
            "enableCEPersistency": 0
        },
        {
            "name": "Rope",
            "pos": [
                7310.58984375,
                79.39875793457031,
                12393.0
            ],
            "ypr": [
                161.99998474121095,
                90.0,
                -180.0
            ],
            "scale": 1.0,
            "enableCEPersistency": 0
        },
        {
            "name": "Rope",
            "pos": [
                7310.4228515625,
                79.39875793457031,
                12393.029296875
            ],
            "ypr": [
                -45.683685302734378,
                90.0,
                -0.000005008955668017734
            ],
            "scale": 0.9999998807907105,
            "enableCEPersistency": 0
        },
        {
            "name": "MetalWire",
            "pos": [
                7310.22900390625,
                79.38218688964844,
                12393.533203125
            ],
            "ypr": [
                170.99998474121095,
                90.0,
                -180.0
            ],
            "scale": 1.0,
            "enableCEPersistency": 0
        },
        {
            "name": "MetalWire",
            "pos": [
                7309.9677734375,
                79.38218688964844,
                12393.0986328125
            ],
            "ypr": [
                -9.00001049041748,
                90.0,
                -0.000005008955668017734
            ],
            "scale": 1.0,
            "enableCEPersistency": 0
        },
        {
            "name": "MetalWire",
            "pos": [
                7309.759765625,
                79.38218688964844,
                12393.49609375
            ],
            "ypr": [
                -9.00001049041748,
                90.0,
                -0.000005008955668017734
            ],
            "scale": 1.0,
            "enableCEPersistency": 0
        },
        {
            "name": "Pliers",
            "pos": [
                7309.509765625,
                79.33290100097656,
                12393.2998046875
            ],
            "ypr": [
                -180.0,
                90.0,
                -180.0
            ],
            "scale": 1.0,
            "enableCEPersistency": 0
        },
        {
            "name": "Hammer",
            "pos": [
                7309.27001953125,
                79.33863067626953,
                12393.099609375
            ],
            "ypr": [
                -180.0,
                90.0,
                -180.0
            ],
            "scale": 1.0,
            "enableCEPersistency": 0
        },
        {
            "name": "Hammer",
            "pos": [
                7309.25732421875,
                79.33863067626953,
                12393.4423828125
            ],
            "ypr": [
                -38.05434799194336,
                90.0,
                -0.000005008955668017734
            ],
            "scale": 0.9999997615814209,
            "enableCEPersistency": 0
        },
        {
            "name": "FirefighterAxe_Black",
            "pos": [
                7308.56298828125,
                79.17886352539063,
                12393.072265625
            ],
            "ypr": [
                0.0,
                4.999999523162842,
                -171.99998474121095
            ],
            "scale": 1.0,
            "enableCEPersistency": 0
        },
        {
            "name": "FieldShovel",
            "pos": [
                7308.009765625,
                78.92141723632813,
                12393.400390625
            ],
            "ypr": [
                -180.0,
                -0.000005008955668017734,
                173.0
            ],
            "scale": 1.0,
            "enableCEPersistency": 0
        },
        {
            "name": "StaticObj_Misc_Pallet",
            "pos": [
                7322.0966796875,
                79.45095825195313,
                12400.693359375
            ],
            "ypr": [
                9.0,
                -0.0,
                -0.0
            ],
            "scale": 1.0,
            "enableCEPersistency": 0
        },
        {
            "name": "WoodenPlank",
            "pos": [
                7322.7412109375,
                79.57542419433594,
                12400.66015625
            ],
            "ypr": [
                98.99993133544922,
                0.0,
                -0.0
            ],
            "scale": 1.0,
            "enableCEPersistency": 0
        },
        {
            "name": "WoodenPlank",
            "pos": [
                7322.556640625,
                79.57542419433594,
                12400.71875
            ],
            "ypr": [
                100.86408233642578,
                0.0,
                -0.0
            ],
            "scale": 0.9999999403953552,
            "enableCEPersistency": 0
        },
        {
            "name": "WoodenPlank",
            "pos": [
                7322.361328125,
                79.57542419433594,
                12400.74609375
            ],
            "ypr": [
                102.68537902832031,
                0.0,
                -0.0
            ],
            "scale": 1.0,
            "enableCEPersistency": 0
        },
        {
            "name": "WoodenPlank",
            "pos": [
                7322.162109375,
                79.57542419433594,
                12400.7763671875
            ],
            "ypr": [
                104.52809143066406,
                0.0,
                -0.0
            ],
            "scale": 1.0,
            "enableCEPersistency": 0
        },
        {
            "name": "WoodenPlank",
            "pos": [
                7321.9619140625,
                79.57542419433594,
                12400.806640625
            ],
            "ypr": [
                104.52808380126953,
                0.0,
                -0.0
            ],
            "scale": 1.0,
            "enableCEPersistency": 0
        },
        {
            "name": "WoodenPlank",
            "pos": [
                7321.75,
                79.57542419433594,
                12400.8056640625
            ],
            "ypr": [
                102.66392517089844,
                0.0,
                -0.0
            ],
            "scale": 1.0,
            "enableCEPersistency": 0
        },
        {
            "name": "WoodenPlank",
            "pos": [
                7321.52392578125,
                79.57542419433594,
                12400.84765625
            ],
            "ypr": [
                102.59963989257813,
                0.0,
                -0.0
            ],
            "scale": 1.0,
            "enableCEPersistency": 0
        },
        {
            "name": "WoodenPlank",
            "pos": [
                7322.212890625,
                79.6323471069336,
                12401.3076171875
            ],
            "ypr": [
                10.335025787353516,
                0.0,
                -0.0
            ],
            "scale": 0.9999998211860657,
            "enableCEPersistency": 0
        },
        {
            "name": "WoodenPlank",
            "pos": [
                7322.14892578125,
                79.6323471069336,
                12401.125
            ],
            "ypr": [
                12.199186325073243,
                0.0,
                -0.0
            ],
            "scale": 0.9999996423721314,
            "enableCEPersistency": 0
        },
        {
            "name": "WoodenPlank",
            "pos": [
                7322.11767578125,
                79.6323471069336,
                12400.931640625
            ],
            "ypr": [
                14.020483016967774,
                0.0,
                -0.0
            ],
            "scale": 0.9999997615814209,
            "enableCEPersistency": 0
        },
        {
            "name": "WoodenPlank",
            "pos": [
                7322.08203125,
                79.6323471069336,
                12400.732421875
            ],
            "ypr": [
                15.86318302154541,
                0.0,
                -0.0
            ],
            "scale": 0.9999998211860657,
            "enableCEPersistency": 0
        },
        {
            "name": "WoodenPlank",
            "pos": [
                7322.044921875,
                79.6323471069336,
                12400.5341796875
            ],
            "ypr": [
                15.863173484802246,
                0.0,
                -0.0
            ],
            "scale": 0.9999998807907105,
            "enableCEPersistency": 0
        },
        {
            "name": "WoodenPlank",
            "pos": [
                7322.04296875,
                79.6323471069336,
                12400.322265625
            ],
            "ypr": [
                13.999035835266114,
                0.0,
                -0.0
            ],
            "scale": 0.9999997019767761,
            "enableCEPersistency": 0
        },
        {
            "name": "WoodenPlank",
            "pos": [
                7322.0,
                79.6323471069336,
                12400.0986328125
            ],
            "ypr": [
                13.934744834899903,
                0.0,
                -0.0
            ],
            "scale": 0.9999999403953552,
            "enableCEPersistency": 0
        },
        {
            "name": "WoodenPlank",
            "pos": [
                7322.67919921875,
                79.6915054321289,
                12400.638671875
            ],
            "ypr": [
                101.97827911376953,
                0.0,
                -0.0
            ],
            "scale": 0.9999997615814209,
            "enableCEPersistency": 0
        },
        {
            "name": "WoodenPlank",
            "pos": [
                7322.4970703125,
                79.6915054321289,
                12400.708984375
            ],
            "ypr": [
                103.8424301147461,
                0.0,
                -0.0
            ],
            "scale": 0.999999463558197,
            "enableCEPersistency": 0
        },
        {
            "name": "WoodenPlank",
            "pos": [
                7322.30712890625,
                79.6915054321289,
                12400.74609375
            ],
            "ypr": [
                105.66372680664063,
                0.0,
                -0.0
            ],
            "scale": 0.9999994039535523,
            "enableCEPersistency": 0
        },
        {
            "name": "WoodenPlank",
            "pos": [
                7322.11083984375,
                79.6915054321289,
                12400.7890625
            ],
            "ypr": [
                107.50642395019531,
                0.0,
                -0.0
            ],
            "scale": 0.9999995827674866,
            "enableCEPersistency": 0
        },
        {
            "name": "WoodenPlank",
            "pos": [
                7321.9140625,
                79.6915054321289,
                12400.8330078125
            ],
            "ypr": [
                107.50642395019531,
                0.0,
                -0.0
            ],
            "scale": 0.9999997019767761,
            "enableCEPersistency": 0
        },
        {
            "name": "WoodenPlank",
            "pos": [
                7321.7001953125,
                79.6915054321289,
                12400.83984375
            ],
            "ypr": [
                105.64228057861328,
                0.0,
                -0.0
            ],
            "scale": 0.9999992847442627,
            "enableCEPersistency": 0
        },
        {
            "name": "WoodenPlank",
            "pos": [
                7321.47705078125,
                79.6915054321289,
                12400.88671875
            ],
            "ypr": [
                105.57799530029297,
                0.0,
                -0.0
            ],
            "scale": 0.9999998211860657,
            "enableCEPersistency": 0
        },
        {
            "name": "WoodenPlank",
            "pos": [
                7321.99169921875,
                79.74555969238281,
                12400.15625
            ],
            "ypr": [
                15.198930740356446,
                0.0,
                -0.0
            ],
            "scale": 0.9999992847442627,
            "enableCEPersistency": 0
        },
        {
            "name": "WoodenPlank",
            "pos": [
                7322.23046875,
                79.74555969238281,
                12401.3583984375
            ],
            "ypr": [
                11.599227905273438,
                0.0,
                -0.0
            ],
            "scale": 0.999998927116394,
            "enableCEPersistency": 0
        },
        {
            "name": "WoodenPlank",
            "pos": [
                7322.16064453125,
                79.74555969238281,
                12401.1787109375
            ],
            "ypr": [
                13.463364601135254,
                0.0,
                -0.0
            ],
            "scale": 0.9999988079071045,
            "enableCEPersistency": 0
        },
        {
            "name": "WoodenPlank",
            "pos": [
                7322.12890625,
                79.74555969238281,
                12400.9853515625
            ],
            "ypr": [
                15.284671783447266,
                0.0,
                -0.0
            ],
            "scale": 0.999998927116394,
            "enableCEPersistency": 0
        },
        {
            "name": "WoodenPlank",
            "pos": [
                7322.08544921875,
                79.74555969238281,
                12400.7890625
            ],
            "ypr": [
                17.127361297607423,
                0.0,
                -0.0
            ],
            "scale": 0.9999991059303284,
            "enableCEPersistency": 0
        },
        {
            "name": "WoodenPlank",
            "pos": [
                7322.0419921875,
                79.74555969238281,
                12400.58984375
            ],
            "ypr": [
                17.127365112304689,
                0.0,
                -0.0
            ],
            "scale": 0.9999992251396179,
            "enableCEPersistency": 0
        },
        {
            "name": "WoodenPlank",
            "pos": [
                7322.03857421875,
                79.74555969238281,
                12400.3779296875
            ],
            "ypr": [
                15.263211250305176,
                0.0,
                -0.0
            ],
            "scale": 0.9999986290931702,
            "enableCEPersistency": 0
        },
        {
            "name": "StaticObj_Furniture_sawhorse_DZ",
            "pos": [
                7321.67724609375,
                79.40055084228516,
                12397.669921875
            ],
            "ypr": [
                0.0,
                0.0,
                -0.0
            ],
            "scale": 1.0,
            "enableCEPersistency": 0
        },
        {
            "name": "StaticObj_Furniture_sawhorse_DZ",
            "pos": [
                7321.55224609375,
                79.40055084228516,
                12396.6953125
            ],
            "ypr": [
                4.006847381591797,
                0.0,
                -0.0
            ],
            "scale": 1.0,
            "enableCEPersistency": 0
        },
        {
            "name": "WoodenLog",
            "pos": [
                7321.04736328125,
                80.34272766113281,
                12397.2080078125
            ],
            "ypr": [
                3.8997130393981935,
                0.0,
                -0.0
            ],
            "scale": 0.9999998807907105,
            "enableCEPersistency": 0
        },
        {
            "name": "WoodenLog",
            "pos": [
                7321.2412109375,
                80.34272766113281,
                12397.1943359375
            ],
            "ypr": [
                3.8997130393981935,
                0.0,
                -0.0
            ],
            "scale": 0.9999998807907105,
            "enableCEPersistency": 0
        },
        {
            "name": "WoodenLog",
            "pos": [
                7321.4345703125,
                80.34272766113281,
                12397.1806640625
            ],
            "ypr": [
                2.164126396179199,
                0.0,
                -0.0
            ],
            "scale": 0.9999998807907105,
            "enableCEPersistency": 0
        },
        {
            "name": "WoodenLog",
            "pos": [
                7321.62890625,
                80.34272766113281,
                12397.166015625
            ],
            "ypr": [
                1.8599671125411988,
                0.16609743237495423,
                -1.8364810943603516
            ],
            "scale": 0.9999998807907105,
            "enableCEPersistency": 0
        },
        {
            "name": "WoodenLog",
            "pos": [
                7321.822265625,
                80.34272766113281,
                12397.15234375
            ],
            "ypr": [
                1.8599668741226197,
                0.16609741747379304,
                -1.8364808559417725
            ],
            "scale": 1.0,
            "enableCEPersistency": 0
        },
        {
            "name": "WoodenLog",
            "pos": [
                7321.9853515625,
                80.34272766113281,
                12397.1064453125
            ],
            "ypr": [
                1.85996675491333,
                0.16609741747379304,
                -1.8364806175231934
            ],
            "scale": 1.0,
            "enableCEPersistency": 0
        },
        {
            "name": "WoodenLog",
            "pos": [
                7322.15283203125,
                80.34272766113281,
                12397.1220703125
            ],
            "ypr": [
                1.85996675491333,
                0.16609741747379304,
                -1.8364804983139039
            ],
            "scale": 1.0,
            "enableCEPersistency": 0
        },
        {
            "name": "WoodenLog",
            "pos": [
                7321.13916015625,
                80.48277282714844,
                12397.1982421875
            ],
            "ypr": [
                3.8997130393981935,
                0.0,
                -0.0
            ],
            "scale": 0.9999998807907105,
            "enableCEPersistency": 0
        },
        {
            "name": "WoodenLog",
            "pos": [
                7321.3330078125,
                80.48277282714844,
                12397.1845703125
            ],
            "ypr": [
                3.8997130393981935,
                0.0,
                -0.0
            ],
            "scale": 0.9999998807907105,
            "enableCEPersistency": 0
        },
        {
            "name": "WoodenLog",
            "pos": [
                7321.5263671875,
                80.48277282714844,
                12397.1708984375
            ],
            "ypr": [
                2.164126396179199,
                0.0,
                -0.0
            ],
            "scale": 0.9999998807907105,
            "enableCEPersistency": 0
        },
        {
            "name": "WoodenLog",
            "pos": [
                7321.720703125,
                80.48277282714844,
                12397.15625
            ],
            "ypr": [
                1.8599668741226197,
                0.16609741747379304,
                -1.8364808559417725
            ],
            "scale": 1.0,
            "enableCEPersistency": 0
        },
        {
            "name": "WoodenLog",
            "pos": [
                7321.9140625,
                80.48277282714844,
                12397.142578125
            ],
            "ypr": [
                1.85996675491333,
                0.16609741747379304,
                -1.8364806175231934
            ],
            "scale": 1.0,
            "enableCEPersistency": 0
        },
        {
            "name": "WoodenLog",
            "pos": [
                7322.0771484375,
                80.48277282714844,
                12397.0966796875
            ],
            "ypr": [
                1.85996675491333,
                0.16609741747379304,
                -1.8364804983139039
            ],
            "scale": 1.0,
            "enableCEPersistency": 0
        },
        {
            "name": "WoodenLog",
            "pos": [
                7321.23583984375,
                80.62906646728516,
                12397.1865234375
            ],
            "ypr": [
                3.8997130393981935,
                0.0,
                -0.0
            ],
            "scale": 0.9999998807907105,
            "enableCEPersistency": 0
        },
        {
            "name": "WoodenLog",
            "pos": [
                7321.4296875,
                80.62906646728516,
                12397.1728515625
            ],
            "ypr": [
                3.8997130393981935,
                0.0,
                -0.0
            ],
            "scale": 0.9999998807907105,
            "enableCEPersistency": 0
        },
        {
            "name": "WoodenLog",
            "pos": [
                7321.623046875,
                80.62906646728516,
                12397.1591796875
            ],
            "ypr": [
                2.164126396179199,
                0.0,
                -0.0
            ],
            "scale": 0.9999998807907105,
            "enableCEPersistency": 0
        },
        {
            "name": "WoodenLog",
            "pos": [
                7321.8173828125,
                80.62906646728516,
                12397.14453125
            ],
            "ypr": [
                1.85996675491333,
                0.16609741747379304,
                -1.8364806175231934
            ],
            "scale": 1.0,
            "enableCEPersistency": 0
        },
        {
            "name": "WoodenLog",
            "pos": [
                7322.0107421875,
                80.62906646728516,
                12397.130859375
            ],
            "ypr": [
                1.85996675491333,
                0.16609741747379304,
                -1.8364804983139039
            ],
            "scale": 1.0,
            "enableCEPersistency": 0
        },
        {
            "name": "NailBox",
            "pos": [
                7308.7978515625,
                79.3059310913086,
                12392.638671875
            ],
            "ypr": [
                -3.1926217079162599,
                0.0,
                -0.0
            ],
            "scale": 1.0,
            "enableCEPersistency": 0
        },
        {
            "name": "NailBox",
            "pos": [
                7308.7626953125,
                79.3059310913086,
                12392.859375
            ],
            "ypr": [
                -33.597530364990237,
                0.0,
                -0.0
            ],
            "scale": 1.0,
            "enableCEPersistency": 0
        },
        {
            "name": "NailBox",
            "pos": [
                7308.7236328125,
                79.3059310913086,
                12393.1064453125
            ],
            "ypr": [
                40.29484939575195,
                0.0,
                -0.0
            ],
            "scale": 1.0,
            "enableCEPersistency": 0
        },
        {
            "name": "NailBox",
            "pos": [
                7308.71484375,
                79.3059310913086,
                12393.357421875
            ],
            "ypr": [
                -8.858674049377442,
                0.0,
                -0.0
            ],
            "scale": 1.0000001192092896,
            "enableCEPersistency": 0
        },
        {
            "name": "NailBox",
            "pos": [
                7308.88671875,
                79.3059310913086,
                12393.52734375
            ],
            "ypr": [
                -8.858674049377442,
                0.0,
                -0.0
            ],
            "scale": 1.0000001192092896,
            "enableCEPersistency": 0
        },
        {
            "name": "CombinationLock4",
            "pos": [
                7309.6884765625,
                79.33715057373047,
                12392.921875
            ],
            "ypr": [
                0.0,
                0.0,
                -0.0
            ],
            "scale": 1.0,
            "enableCEPersistency": 0
        }
    ]
}