{
    "Objects": [
        {
            "name": "WoodenPlank",
            "pos": [
                6397.9931640625,
                3.27105712890625,
                12857.1279296875
            ],
            "ypr": [
                58.62872314453125,
                0.0,
                -0.0
            ],
            "scale": 1.0000003576278687,
            "enableCEPersistency": 0
        },
        {
            "name": "Pliers",
            "pos": [
                6354.12939453125,
                3.092824935913086,
                12859.607421875
            ],
            "ypr": [
                9.03558349609375,
                -74.99999237060547,
                -0.0
            ],
            "scale": 1.0000005960464478,
            "enableCEPersistency": 0
        },
        {
            "name": "WoodenPlank",
            "pos": [
                6397.8125,
                3.27105712890625,
                12857.009765625
            ],
            "ypr": [
                58.5467529296875,
                0.0,
                -0.0
            ],
            "scale": 1.0000001192092896,
            "enableCEPersistency": 0
        },
        {
            "name": "WoodenPlank",
            "pos": [
                6397.9931640625,
                3.3232688903808595,
                12857.1279296875
            ],
            "ypr": [
                58.02179718017578,
                0.0,
                -0.0
            ],
            "scale": 1.0000001192092896,
            "enableCEPersistency": 0
        },
        {
            "name": "WoodenPlank",
            "pos": [
                6397.8125,
                3.3232688903808595,
                12857.009765625
            ],
            "ypr": [
                57.939823150634769,
                0.0,
                -0.0
            ],
            "scale": 1.0000003576278687,
            "enableCEPersistency": 0
        },
        {
            "name": "CamoNet",
            "pos": [
                6350.140625,
                2.1604936122894289,
                12861.4501953125
            ],
            "ypr": [
                150.7164764404297,
                0.0,
                -0.0
            ],
            "scale": 1.0000005960464478,
            "enableCEPersistency": 0
        },
        {
            "name": "CamoNet",
            "pos": [
                6368.8564453125,
                2.1738805770874025,
                12872.0146484375
            ],
            "ypr": [
                61.36054611206055,
                0.0,
                -0.0
            ],
            "scale": 1.0,
            "enableCEPersistency": 0
        },
        {
            "name": "WoodenPlank",
            "pos": [
                6397.9931640625,
                3.374835968017578,
                12857.1279296875
            ],
            "ypr": [
                58.57033157348633,
                0.0,
                -0.0
            ],
            "scale": 1.0000003576278687,
            "enableCEPersistency": 0
        },
        {
            "name": "WoodenPlank",
            "pos": [
                6397.8125,
                3.374835968017578,
                12857.009765625
            ],
            "ypr": [
                58.48835372924805,
                0.0,
                -0.0
            ],
            "scale": 1.0000003576278687,
            "enableCEPersistency": 0
        },
        {
            "name": "StaticObj_Misc_BoxWooden",
            "pos": [
                6353.759765625,
                2.7829480171203615,
                12880.869140625
            ],
            "ypr": [
                -30.056123733520509,
                0.0,
                -0.0
            ],
            "scale": 1.0000022649765015,
            "enableCEPersistency": 0
        },
        {
            "name": "StaticObj_Misc_BoxWooden",
            "pos": [
                6352.90625,
                2.7829480171203615,
                12880.373046875
            ],
            "ypr": [
                -30.056123733520509,
                0.0,
                -0.0
            ],
            "scale": 1.0000022649765015,
            "enableCEPersistency": 0
        },
        {
            "name": "WoodenPlank",
            "pos": [
                6397.8125,
                3.423037528991699,
                12857.009765625
            ],
            "ypr": [
                57.807308197021487,
                0.0,
                -0.0
            ],
            "scale": 1.0000003576278687,
            "enableCEPersistency": 0
        },
        {
            "name": "StaticObj_Furniture_box_c_multi",
            "pos": [
                6351.32568359375,
                2.2962989807128908,
                12879.2490234375
            ],
            "ypr": [
                -34.179359436035159,
                0.0,
                -0.0
            ],
            "scale": 1.0000005960464478,
            "enableCEPersistency": 0
        },
        {
            "name": "WoodenPlank",
            "pos": [
                6398.73681640625,
                3.27105712890625,
                12855.8896484375
            ],
            "ypr": [
                51.87224197387695,
                0.0,
                -0.0
            ],
            "scale": 1.0000005960464478,
            "enableCEPersistency": 0
        },
        {
            "name": "WoodenPlank",
            "pos": [
                6398.57861328125,
                3.27105712890625,
                12855.7705078125
            ],
            "ypr": [
                51.790260314941409,
                0.0,
                -0.0
            ],
            "scale": 1.0000005960464478,
            "enableCEPersistency": 0
        },
        {
            "name": "WoodenPlank",
            "pos": [
                6398.73681640625,
                3.3232688903808595,
                12855.8896484375
            ],
            "ypr": [
                51.26530838012695,
                0.0,
                -0.0
            ],
            "scale": 1.0000003576278687,
            "enableCEPersistency": 0
        },
        {
            "name": "WoodenPlank",
            "pos": [
                6398.57861328125,
                3.3232688903808595,
                12855.7705078125
            ],
            "ypr": [
                51.18333435058594,
                0.0,
                -0.0
            ],
            "scale": 1.0000004768371583,
            "enableCEPersistency": 0
        },
        {
            "name": "WoodenPlank",
            "pos": [
                6398.73681640625,
                3.374835968017578,
                12855.8896484375
            ],
            "ypr": [
                51.81385803222656,
                0.0,
                -0.0
            ],
            "scale": 1.0000005960464478,
            "enableCEPersistency": 0
        },
        {
            "name": "WoodenPlank",
            "pos": [
                6398.57861328125,
                3.374835968017578,
                12855.7705078125
            ],
            "ypr": [
                51.73186492919922,
                0.0,
                -0.0
            ],
            "scale": 1.0000005960464478,
            "enableCEPersistency": 0
        },
        {
            "name": "CamoNet",
            "pos": [
                6350.279296875,
                2.1604936122894289,
                12861.1904296875
            ],
            "ypr": [
                154.7407989501953,
                0.0,
                -0.0
            ],
            "scale": 0.9999997615814209,
            "enableCEPersistency": 0
        },
        {
            "name": "CamoNet",
            "pos": [
                6330.49560546875,
                2.2002131938934328,
                12849.9453125
            ],
            "ypr": [
                -26.999990463256837,
                0.0,
                -0.0
            ],
            "scale": 1.0,
            "enableCEPersistency": 0
        },
        {
            "name": "WoodenPlank",
            "pos": [
                6398.552734375,
                3.0342278480529787,
                12856.603515625
            ],
            "ypr": [
                -27.0,
                0.0,
                78.0
            ],
            "scale": 0.9999999403953552,
            "enableCEPersistency": 0
        },
        {
            "name": "MetalPlate",
            "pos": [
                6401.86865234375,
                2.924926996231079,
                12856.50390625
            ],
            "ypr": [
                -27.0,
                0.0,
                78.99999237060547
            ],
            "scale": 0.9999998211860657,
            "enableCEPersistency": 0
        },
        {
            "name": "MetalPlate",
            "pos": [
                6401.8818359375,
                2.924926996231079,
                12856.5048828125
            ],
            "ypr": [
                -27.0,
                0.0,
                78.99999237060547
            ],
            "scale": 0.9999998211860657,
            "enableCEPersistency": 0
        },
        {
            "name": "MetalPlate",
            "pos": [
                6401.89208984375,
                2.924926996231079,
                12856.51953125
            ],
            "ypr": [
                -27.0,
                0.0,
                78.99999237060547
            ],
            "scale": 0.9999998211860657,
            "enableCEPersistency": 0
        },
        {
            "name": "MetalPlate",
            "pos": [
                6402.865234375,
                2.3057055473327638,
                12856.681640625
            ],
            "ypr": [
                -35.999996185302737,
                0.0,
                0.0
            ],
            "scale": 1.0,
            "enableCEPersistency": 0
        },
        {
            "name": "MetalPlate",
            "pos": [
                6402.416015625,
                2.924926996231079,
                12855.2919921875
            ],
            "ypr": [
                -27.0,
                0.0,
                78.99999237060547
            ],
            "scale": 0.9999998211860657,
            "enableCEPersistency": 0
        },
        {
            "name": "MetalPlate",
            "pos": [
                6402.42919921875,
                2.924926996231079,
                12855.29296875
            ],
            "ypr": [
                -27.0,
                0.0,
                78.99999237060547
            ],
            "scale": 0.9999998211860657,
            "enableCEPersistency": 0
        },
        {
            "name": "MetalPlate",
            "pos": [
                6402.439453125,
                2.924926996231079,
                12855.3076171875
            ],
            "ypr": [
                -27.0,
                0.0,
                78.99999237060547
            ],
            "scale": 0.9999998211860657,
            "enableCEPersistency": 0
        },
        {
            "name": "BarbedWire",
            "pos": [
                6353.173828125,
                2.319613218307495,
                12863.2021484375
            ],
            "ypr": [
                0.0,
                0.0,
                -0.0
            ],
            "scale": 1.0,
            "enableCEPersistency": 0
        },
        {
            "name": "CamoNet",
            "pos": [
                6351.0400390625,
                2.2962989807128908,
                12880.9111328125
            ],
            "ypr": [
                -35.999996185302737,
                0.0,
                0.0
            ],
            "scale": 1.0,
            "enableCEPersistency": 0
        },
        {
            "name": "BarbedWire",
            "pos": [
                6353.5888671875,
                2.319613218307495,
                12863.451171875
            ],
            "ypr": [
                0.0,
                0.0,
                -0.0
            ],
            "scale": 1.0,
            "enableCEPersistency": 0
        },
        {
            "name": "BarbedWire",
            "pos": [
                6353.3212890625,
                2.332306385040283,
                12863.2998046875
            ],
            "ypr": [
                0.0,
                0.0,
                -0.0
            ],
            "scale": 1.0,
            "enableCEPersistency": 0
        },
        {
            "name": "NailBox",
            "pos": [
                6355.830078125,
                3.10162091255188,
                12855.8388671875
            ],
            "ypr": [
                80.9999008178711,
                -0.0,
                -0.0
            ],
            "scale": 1.0,
            "enableCEPersistency": 0
        },
        {
            "name": "CamoNet",
            "pos": [
                6353.27587890625,
                3.2696433067321779,
                12880.3408203125
            ],
            "ypr": [
                152.99990844726563,
                0.0,
                -0.0
            ],
            "scale": 1.0,
            "enableCEPersistency": 0
        },
        {
            "name": "NailBox",
            "pos": [
                6355.767578125,
                3.10162091255188,
                12856.0146484375
            ],
            "ypr": [
                23.784282684326173,
                0.0,
                -0.0
            ],
            "scale": 0.9999999403953552,
            "enableCEPersistency": 0
        },
        {
            "name": "NailBox",
            "pos": [
                6355.79248046875,
                3.10162091255188,
                12856.310546875
            ],
            "ypr": [
                80.53028106689453,
                0.0,
                -0.0
            ],
            "scale": 1.0000015497207642,
            "enableCEPersistency": 0
        },
        {
            "name": "Nail",
            "pos": [
                6356.06494140625,
                3.101545810699463,
                12856.1337890625
            ],
            "ypr": [
                0.0,
                -0.0,
                -0.0
            ],
            "scale": 1.0,
            "enableCEPersistency": 0
        },
        {
            "name": "StaticObj_Wreck_Trailer_Flat",
            "pos": [
                6392.2099609375,
                3.5588083267211916,
                12857.6025390625
            ],
            "ypr": [
                -118.60800170898438,
                -0.000008110849194054027,
                -0.0000017075515188480495
            ],
            "scale": 0.9999985694885254,
            "enableCEPersistency": 0
        },
        {
            "name": "WoodenLog",
            "pos": [
                6390.99462890625,
                3.1935715675354006,
                12856.4228515625
            ],
            "ypr": [
                62.99997329711914,
                5.377919478632975e-7,
                0.0000017075515188480495
            ],
            "scale": 0.9999985098838806,
            "enableCEPersistency": 0
        },
        {
            "name": "WoodenLog",
            "pos": [
                6390.91064453125,
                3.2053110599517824,
                12856.5869140625
            ],
            "ypr": [
                62.99997329711914,
                5.377919478632975e-7,
                0.0000017075515188480495
            ],
            "scale": 0.9999985098838806,
            "enableCEPersistency": 0
        },
        {
            "name": "WoodenLog",
            "pos": [
                6390.830078125,
                3.216768264770508,
                12856.75390625
            ],
            "ypr": [
                62.99997329711914,
                5.377919478632975e-7,
                0.0000017075515188480495
            ],
            "scale": 0.9999985098838806,
            "enableCEPersistency": 0
        },
        {
            "name": "WoodenLog",
            "pos": [
                6390.744140625,
                3.2242212295532228,
                12856.923828125
            ],
            "ypr": [
                62.99997329711914,
                5.377919478632975e-7,
                0.0000017075515188480495
            ],
            "scale": 0.9999985098838806,
            "enableCEPersistency": 0
        },
        {
            "name": "WoodenLog",
            "pos": [
                6390.662109375,
                3.2317607402801515,
                12857.087890625
            ],
            "ypr": [
                62.99997329711914,
                5.377919478632975e-7,
                0.0000017075515188480495
            ],
            "scale": 0.9999985098838806,
            "enableCEPersistency": 0
        },
        {
            "name": "WoodenLog",
            "pos": [
                6390.57666015625,
                3.2317607402801515,
                12857.2548828125
            ],
            "ypr": [
                62.99997329711914,
                5.377919478632975e-7,
                0.0000017075515188480495
            ],
            "scale": 0.9999985098838806,
            "enableCEPersistency": 0
        },
        {
            "name": "WoodenLog",
            "pos": [
                6390.78515625,
                3.365736722946167,
                12856.841796875
            ],
            "ypr": [
                62.99997329711914,
                5.377919478632975e-7,
                0.0000017075515188480495
            ],
            "scale": 0.9999985098838806,
            "enableCEPersistency": 0
        },
        {
            "name": "WoodenLog",
            "pos": [
                6390.703125,
                3.3732762336730959,
                12857.005859375
            ],
            "ypr": [
                62.99997329711914,
                5.377919478632975e-7,
                0.0000017075515188480495
            ],
            "scale": 0.9999985098838806,
            "enableCEPersistency": 0
        },
        {
            "name": "WoodenLog",
            "pos": [
                6390.61767578125,
                3.3732762336730959,
                12857.1728515625
            ],
            "ypr": [
                62.99997329711914,
                5.377919478632975e-7,
                0.0000017075515188480495
            ],
            "scale": 0.9999985098838806,
            "enableCEPersistency": 0
        },
        {
            "name": "WoodenLog",
            "pos": [
                6390.95166015625,
                3.3468260765075685,
                12856.5048828125
            ],
            "ypr": [
                62.99997329711914,
                5.377919478632975e-7,
                0.0000017075515188480495
            ],
            "scale": 0.9999985098838806,
            "enableCEPersistency": 0
        },
        {
            "name": "WoodenLog",
            "pos": [
                6390.87109375,
                3.358283758163452,
                12856.671875
            ],
            "ypr": [
                62.99997329711914,
                5.377919478632975e-7,
                0.0000017075515188480495
            ],
            "scale": 0.9999985098838806,
            "enableCEPersistency": 0
        },
        {
            "name": "WoodenLog",
            "pos": [
                6390.74462890625,
                3.5152456760406496,
                12856.9189453125
            ],
            "ypr": [
                62.99997329711914,
                5.377919478632975e-7,
                0.0000017075515188480495
            ],
            "scale": 0.9999985098838806,
            "enableCEPersistency": 0
        },
        {
            "name": "WoodenLog",
            "pos": [
                6390.66259765625,
                3.519345998764038,
                12857.0830078125
            ],
            "ypr": [
                62.99997329711914,
                5.377919478632975e-7,
                0.0000017075515188480495
            ],
            "scale": 0.9999985098838806,
            "enableCEPersistency": 0
        },
        {
            "name": "WoodenLog",
            "pos": [
                6390.9111328125,
                3.501021146774292,
                12856.58203125
            ],
            "ypr": [
                62.99997329711914,
                5.377919478632975e-7,
                0.0000017075515188480495
            ],
            "scale": 0.9999985098838806,
            "enableCEPersistency": 0
        },
        {
            "name": "WoodenLog",
            "pos": [
                6390.83056640625,
                3.5124783515930177,
                12856.7490234375
            ],
            "ypr": [
                62.99997329711914,
                5.377919478632975e-7,
                0.0000017075515188480495
            ],
            "scale": 0.9999985098838806,
            "enableCEPersistency": 0
        },
        {
            "name": "WoodenLog",
            "pos": [
                6390.78564453125,
                3.6627304553985597,
                12856.8359375
            ],
            "ypr": [
                62.99997329711914,
                5.377920047067164e-7,
                -4.071116545007608e-13
            ],
            "scale": 1.0000004768371583,
            "enableCEPersistency": 0
        },
        {
            "name": "WoodenLog",
            "pos": [
                6390.70361328125,
                3.666830539703369,
                12857.0
            ],
            "ypr": [
                62.99997329711914,
                5.377920047067164e-7,
                -4.071116545007608e-13
            ],
            "scale": 1.0000004768371583,
            "enableCEPersistency": 0
        },
        {
            "name": "WoodenLog",
            "pos": [
                6390.87158203125,
                3.6599621772766115,
                12856.666015625
            ],
            "ypr": [
                62.99997329711914,
                5.377902425607317e-7,
                -0.0
            ],
            "scale": 0.9999983906745911,
            "enableCEPersistency": 0
        },
        {
            "name": "WoodenLog",
            "pos": [
                6392.26171875,
                3.2242212295532228,
                12858.1572265625
            ],
            "ypr": [
                59.48823165893555,
                2.13443399843527e-7,
                0.00005293409412843175
            ],
            "scale": 0.9999985694885254,
            "enableCEPersistency": 0
        },
        {
            "name": "WoodenLog",
            "pos": [
                6392.15576171875,
                3.2317607402801515,
                12858.3212890625
            ],
            "ypr": [
                59.48823165893555,
                2.13443399843527e-7,
                0.00005293409412843175
            ],
            "scale": 0.9999985694885254,
            "enableCEPersistency": 0
        },
        {
            "name": "WoodenLog",
            "pos": [
                6392.06884765625,
                3.2317607402801515,
                12858.4873046875
            ],
            "ypr": [
                59.48823165893555,
                2.13443399843527e-7,
                0.00005293409412843175
            ],
            "scale": 0.9999985694885254,
            "enableCEPersistency": 0
        },
        {
            "name": "WoodenLog",
            "pos": [
                6392.302734375,
                3.365736722946167,
                12858.0751953125
            ],
            "ypr": [
                59.48823165893555,
                2.13443399843527e-7,
                0.00005293409412843175
            ],
            "scale": 0.9999985694885254,
            "enableCEPersistency": 0
        },
        {
            "name": "WoodenLog",
            "pos": [
                6392.2197265625,
                3.3732759952545168,
                12858.2392578125
            ],
            "ypr": [
                59.48823165893555,
                2.13443399843527e-7,
                0.00005293409412843175
            ],
            "scale": 0.9999985694885254,
            "enableCEPersistency": 0
        },
        {
            "name": "WoodenLog",
            "pos": [
                6392.10986328125,
                3.3732762336730959,
                12858.40625
            ],
            "ypr": [
                59.48823165893555,
                2.13443399843527e-7,
                0.00005293409412843175
            ],
            "scale": 0.9999985694885254,
            "enableCEPersistency": 0
        },
        {
            "name": "WoodenLog",
            "pos": [
                6392.49462890625,
                3.3468265533447267,
                12857.73828125
            ],
            "ypr": [
                59.48823165893555,
                2.13443399843527e-7,
                0.00005293409412843175
            ],
            "scale": 0.9999985694885254,
            "enableCEPersistency": 0
        },
        {
            "name": "WoodenLog",
            "pos": [
                6392.3896484375,
                3.358283758163452,
                12857.9052734375
            ],
            "ypr": [
                59.48823165893555,
                2.13443399843527e-7,
                0.00005293409412843175
            ],
            "scale": 0.9999985694885254,
            "enableCEPersistency": 0
        },
        {
            "name": "WoodenLog",
            "pos": [
                6392.26220703125,
                3.5152459144592287,
                12858.15234375
            ],
            "ypr": [
                59.48823165893555,
                2.13443399843527e-7,
                0.00005293409412843175
            ],
            "scale": 0.9999985694885254,
            "enableCEPersistency": 0
        },
        {
            "name": "WoodenLog",
            "pos": [
                6392.15625,
                3.519345760345459,
                12858.31640625
            ],
            "ypr": [
                59.48823165893555,
                2.13443399843527e-7,
                0.00005293409412843175
            ],
            "scale": 0.9999985694885254,
            "enableCEPersistency": 0
        },
        {
            "name": "WoodenLog",
            "pos": [
                6392.45263671875,
                3.501020669937134,
                12857.8154296875
            ],
            "ypr": [
                59.48823165893555,
                2.13443399843527e-7,
                0.00005293409412843175
            ],
            "scale": 0.9999985694885254,
            "enableCEPersistency": 0
        },
        {
            "name": "WoodenLog",
            "pos": [
                6392.34814453125,
                3.5124783515930177,
                12857.982421875
            ],
            "ypr": [
                59.48823165893555,
                2.13443399843527e-7,
                0.00005293409412843175
            ],
            "scale": 0.9999985694885254,
            "enableCEPersistency": 0
        },
        {
            "name": "WoodenLog",
            "pos": [
                6392.53759765625,
                3.1935715675354006,
                12857.6572265625
            ],
            "ypr": [
                59.48823165893555,
                2.13443399843527e-7,
                0.00005293409412843175
            ],
            "scale": 0.9999985694885254,
            "enableCEPersistency": 0
        },
        {
            "name": "WoodenLog",
            "pos": [
                6392.4521484375,
                3.2053110599517824,
                12857.8203125
            ],
            "ypr": [
                59.48823165893555,
                2.13443399843527e-7,
                0.00005293409412843175
            ],
            "scale": 0.9999985694885254,
            "enableCEPersistency": 0
        },
        {
            "name": "WoodenLog",
            "pos": [
                6392.34765625,
                3.216768264770508,
                12857.9873046875
            ],
            "ypr": [
                59.48823165893555,
                2.13443399843527e-7,
                0.00005293409412843175
            ],
            "scale": 0.9999985694885254,
            "enableCEPersistency": 0
        },
        {
            "name": "WoodenLog",
            "pos": [
                6390.36865234375,
                2.9479033946990969,
                12858.0458984375
            ],
            "ypr": [
                -26.999998092651368,
                -55.9999885559082,
                -0.0
            ],
            "scale": 0.9999997615814209,
            "enableCEPersistency": 0
        },
        {
            "name": "WoodenLog",
            "pos": [
                6393.67822265625,
                3.167100429534912,
                12858.484375
            ],
            "ypr": [
                -0.0000136791386466939,
                3.0000405311584474,
                -0.00000940440713748103
            ],
            "scale": 0.9999986290931702,
            "enableCEPersistency": 0
        },
        {
            "name": "StaticObj_Misc_BoxWooden",
            "pos": [
                6399.58984375,
                2.8951077461242677,
                12854.38671875
            ],
            "ypr": [
                -35.99998474121094,
                0.0,
                -0.0
            ],
            "scale": 0.9999999403953552,
            "enableCEPersistency": 0
        },
        {
            "name": "Binoculars",
            "pos": [
                6266.53759765625,
                3.456909418106079,
                12913.7822265625
            ],
            "ypr": [
                -180.0,
                -90.0,
                -180.0
            ],
            "scale": 1.0,
            "enableCEPersistency": 0
        },
        {
            "name": "Compass",
            "pos": [
                6266.07177734375,
                2.930694818496704,
                12913.5810546875
            ],
            "ypr": [
                0.0,
                -0.0,
                -0.0
            ],
            "scale": 1.0,
            "enableCEPersistency": 0
        },
        {
            "name": "NavyUniformJacket",
            "pos": [
                6259.09326171875,
                3.5207042694091799,
                12909.14453125
            ],
            "ypr": [
                150.80035400390626,
                0.0,
                -90.0
            ],
            "scale": 1.0,
            "enableCEPersistency": 0
        },
        {
            "name": "NavyUniformPants",
            "pos": [
                6259.3251953125,
                2.3895533084869386,
                12909.30859375
            ],
            "ypr": [
                54.00002670288086,
                -0.0,
                -0.0
            ],
            "scale": 1.0,
            "enableCEPersistency": 0
        },
        {
            "name": "OfficerHat",
            "pos": [
                6259.205078125,
                3.9392170906066896,
                12909.34375
            ],
            "ypr": [
                151.28128051757813,
                -90.0,
                -180.0
            ],
            "scale": 1.0000001192092896,
            "enableCEPersistency": 0
        },
        {
            "name": "WoolGloves_Black",
            "pos": [
                6259.06103515625,
                3.9392170906066896,
                12909.353515625
            ],
            "ypr": [
                143.99990844726563,
                0.0,
                -0.0
            ],
            "scale": 1.0,
            "enableCEPersistency": 0
        },
        {
            "name": "Matchbox",
            "pos": [
                6262.865234375,
                3.2230801582336427,
                12911.8271484375
            ],
            "ypr": [
                81.0000991821289,
                90.0,
                -180.0
            ],
            "scale": 1.0000001192092896,
            "enableCEPersistency": 0
        },
        {
            "name": "BookMobyDick",
            "pos": [
                6261.65234375,
                2.8074731826782228,
                12912.541015625
            ],
            "ypr": [
                116.99998474121094,
                -90.0,
                -180.0
            ],
            "scale": 0.9999999403953552,
            "enableCEPersistency": 0
        },
        {
            "name": "SodaCan_Cola",
            "pos": [
                6298.37841796875,
                3.03098464012146,
                12829.578125
            ],
            "ypr": [
                0.0,
                0.0,
                -0.0
            ],
            "scale": 1.0,
            "enableCEPersistency": 0
        },
        {
            "name": "SodaCan_Fronta",
            "pos": [
                6299.05029296875,
                3.0202300548553469,
                12830.5068359375
            ],
            "ypr": [
                0.0,
                0.0,
                -0.0
            ],
            "scale": 1.0,
            "enableCEPersistency": 0
        },
        {
            "name": "TacticalBaconCan",
            "pos": [
                6302.80419921875,
                2.959502935409546,
                12832.2939453125
            ],
            "ypr": [
                0.0,
                -0.0,
                -0.0
            ],
            "scale": 1.0,
            "enableCEPersistency": 0
        },
        {
            "name": "Defibrillator",
            "pos": [
                6326.4462890625,
                2.639492988586426,
                12845.6982421875
            ],
            "ypr": [
                62.99997329711914,
                -0.0,
                -0.0
            ],
            "scale": 1.0,
            "enableCEPersistency": 0
        },
        {
            "name": "BloodBagEmpty",
            "pos": [
                6327.359375,
                3.0413742065429689,
                12843.78515625
            ],
            "ypr": [
                152.99998474121095,
                90.0,
                -180.0
            ],
            "scale": 0.9999999403953552,
            "enableCEPersistency": 0
        },
        {
            "name": "StartKitIV",
            "pos": [
                6315.19873046875,
                2.6621859073638918,
                12847.4365234375
            ],
            "ypr": [
                161.99998474121095,
                90.0,
                -180.0
            ],
            "scale": 1.0,
            "enableCEPersistency": 0
        },
        {
            "name": "CombinationLock4",
            "pos": [
                6380.52587890625,
                2.2894699573516847,
                12857.88671875
            ],
            "ypr": [
                0.0,
                -0.0,
                -0.0
            ],
            "scale": 1.0,
            "enableCEPersistency": 0
        },
        {
            "name": "NailBox",
            "pos": [
                6274.419921875,
                3.255256175994873,
                12804.76953125
            ],
            "ypr": [
                0.0,
                -0.0,
                -0.0
            ],
            "scale": 1.0,
            "enableCEPersistency": 0
        },
        {
            "name": "NailBox",
            "pos": [
                6274.25244140625,
                3.255256175994873,
                12804.609375
            ],
            "ypr": [
                -88.80201721191406,
                0.0,
                -0.7228676080703735
            ],
            "scale": 1.0,
            "enableCEPersistency": 0
        },
        {
            "name": "AmmoBox_556x45_20Rnd",
            "pos": [
                6352.1513671875,
                2.7873194217681886,
                12838.6904296875
            ],
            "ypr": [
                -108.0,
                90.0,
                0.0
            ],
            "scale": 1.0,
            "enableCEPersistency": 0
        },
        {
            "name": "Land_Misc_Well_Pump_Yellow",
            "pos": [
                6365.740234375,
                7.658230781555176,
                12839.490234375
            ],
            "ypr": [
                144.00003051757813,
                0.0,
                -0.0
            ],
            "scale": 1.0,
            "enableCEPersistency": 0
        },
        {
            "name": "CamoNet",
            "pos": [
                6367.1220703125,
                2.1738805770874025,
                12876.4482421875
            ],
            "ypr": [
                53.999969482421878,
                -0.0,
                -0.0
            ],
            "scale": 1.0,
            "enableCEPersistency": 0
        },
        {
            "name": "Syringe",
            "pos": [
                6324.484375,
                3.17549991607666,
                12846.126953125
            ],
            "ypr": [
                0.0,
                -0.0,
                -0.0
            ],
            "scale": 1.0,
            "enableCEPersistency": 0
        },
        {
            "name": "ClearSyringe",
            "pos": [
                6324.01904296875,
                3.17549991607666,
                12846.2978515625
            ],
            "ypr": [
                107.99993896484375,
                -0.0,
                -0.0
            ],
            "scale": 1.0,
            "enableCEPersistency": 0
        },
        {
            "name": "ClearSyringe",
            "pos": [
                6317.0498046875,
                3.184128761291504,
                12846.828125
            ],
            "ypr": [
                0.0,
                -0.0,
                -0.0
            ],
            "scale": 1.0,
            "enableCEPersistency": 0
        },
        {
            "name": "MedicalScrubsPants_White",
            "pos": [
                6316.130859375,
                3.175589084625244,
                12849.720703125
            ],
            "ypr": [
                0.0,
                0.0,
                -0.0
            ],
            "scale": 1.0,
            "enableCEPersistency": 0
        },
        {
            "name": "MedicalScrubsHat_White",
            "pos": [
                6324.31103515625,
                3.1876235008239748,
                12849.7939453125
            ],
            "ypr": [
                -180.0,
                -90.0,
                -180.0
            ],
            "scale": 1.0,
            "enableCEPersistency": 0
        },
        {
            "name": "MedicalScrubsShirt_White",
            "pos": [
                6325.59619140625,
                3.164228916168213,
                12843.3759765625
            ],
            "ypr": [
                0.0,
                0.0,
                -0.0
            ],
            "scale": 1.0,
            "enableCEPersistency": 0
        },
        {
            "name": "Lunchmeat",
            "pos": [
                6296.42626953125,
                2.959721326828003,
                12835.2392578125
            ],
            "ypr": [
                0.0,
                0.0,
                -0.0
            ],
            "scale": 1.0,
            "enableCEPersistency": 0
        },
        {
            "name": "Hatchet",
            "pos": [
                6412.10595703125,
                2.3611316680908205,
                12857.4228515625
            ],
            "ypr": [
                -158.3441619873047,
                90.0,
                -180.0
            ],
            "scale": 0.9999999403953552,
            "enableCEPersistency": 0
        },
        {
            "name": "Rope",
            "pos": [
                6411.11767578125,
                2.8296847343444826,
                12858.1640625
            ],
            "ypr": [
                180.0,
                90.0,
                -180.0
            ],
            "scale": 1.0,
            "enableCEPersistency": 0
        },
        {
            "name": "Land_Wreck_S1023_Beige",
            "pos": [
                6341.80078125,
                3.1988468170166017,
                12846.6533203125
            ],
            "ypr": [
                62.99997329711914,
                -0.0,
                -0.0
            ],
            "scale": 1.0,
            "enableCEPersistency": 0
        },
        {
            "name": "Land_Wreck_offroad02_aban1",
            "pos": [
                6331.67431640625,
                4.09969425201416,
                12832.412109375
            ],
            "ypr": [
                53.9999885559082,
                -0.0,
                -0.0
            ],
            "scale": 1.0,
            "enableCEPersistency": 0
        },
        {
            "name": "BookBible",
            "pos": [
                6379.69921875,
                3.1724767684936525,
                12857.5673828125
            ],
            "ypr": [
                -35.999996185302737,
                -90.0,
                -180.0
            ],
            "scale": 1.0000001192092896,
            "enableCEPersistency": 0
        },
        {
            "name": "Book20000LieuesSousLesMers",
            "pos": [
                6290.0810546875,
                3.7214291095733644,
                12801.181640625
            ],
            "ypr": [
                -18.000001907348634,
                -90.0,
                -180.0
            ],
            "scale": 1.0,
            "enableCEPersistency": 0
        },
        {
            "name": "BookTheIslandOfDoctorMoreau",
            "pos": [
                6290.21044921875,
                3.7562921047210695,
                12801.244140625
            ],
            "ypr": [
                -114.4754409790039,
                -70.91202545166016,
                88.02902221679688
            ],
            "scale": 1.0,
            "enableCEPersistency": 0
        },
        {
            "name": "StaticObj_Rubble_DirtPile_Medium2",
            "pos": [
                6384.26611328125,
                2.560911178588867,
                12841.3720703125
            ],
            "ypr": [
                0.0,
                -0.0,
                -0.0
            ],
            "scale": 1.0,
            "enableCEPersistency": 0
        },
        {
            "name": "Shovel",
            "pos": [
                6383.3994140625,
                3.519134521484375,
                12840.7626953125
            ],
            "ypr": [
                33.33106231689453,
                12.0,
                -179.156982421875
            ],
            "scale": 1.0000001192092896,
            "enableCEPersistency": 0
        },
        {
            "name": "Lockpick",
            "pos": [
                6418.181640625,
                2.4939122200012209,
                12859.37109375
            ],
            "ypr": [
                117.37371826171875,
                -90.0,
                -180.0
            ],
            "scale": 1.0000001192092896,
            "enableCEPersistency": 0
        }
    ]
}