{
    "Objects": [
        {
            "name": "Land_Boathouse",
            "pos": [
                11455.5439453125,
                -1.7772293090820313,
                6038.80615234375
            ],
            "ypr": [
                -63.0,
                0.0,
                -0.0
            ],
            "scale": 0.9999999403953552,
            "enableCEPersistency": 0
        },
        {
            "name": "StaticObj_Boathouse_PierR",
            "pos": [
                11442.8740234375,
                -4.244643688201904,
                6048.42529296875
            ],
            "ypr": [
                -153.00006103515626,
                0.0,
                -0.0
            ],
            "scale": 1.0,
            "enableCEPersistency": 0
        },
        {
            "name": "StaticObj_Boathouse_PierL",
            "pos": [
                11436.6845703125,
                -3.1670961380004885,
                6035.02294921875
            ],
            "ypr": [
                26.999988555908204,
                -0.0,
                -0.0
            ],
            "scale": 1.0,
            "enableCEPersistency": 0
        },
        {
            "name": "StaticObj_Boathouse_PierT",
            "pos": [
                11456.5986328125,
                -3.0556321144104006,
                6026.1630859375
            ],
            "ypr": [
                -73.27156829833985,
                0.0,
                -0.0
            ],
            "scale": 1.0,
            "enableCEPersistency": 0
        },
        {
            "name": "Land_Wall_Gate_FenG_Big_Open",
            "pos": [
                11459.736328125,
                1.7771716117858887,
                6039.86669921875
            ],
            "ypr": [
                -62.99997329711914,
                0.0,
                -0.0
            ],
            "scale": 1.0,
            "enableCEPersistency": 0
        },
        {
            "name": "Land_Wall_Gate_FenG_Big_Open",
            "pos": [
                11457.1728515625,
                1.7771716117858887,
                6034.73828125
            ],
            "ypr": [
                -62.99997329711914,
                0.0,
                -0.0
            ],
            "scale": 1.0,
            "enableCEPersistency": 0
        },
        {
            "name": "StaticObj_Furniture_shelfs_small",
            "pos": [
                11445.916015625,
                1.6292469501495362,
                6037.18310546875
            ],
            "ypr": [
                27.0,
                0.0,
                -0.0
            ],
            "scale": 0.9999999403953552,
            "enableCEPersistency": 0
        },
        {
            "name": "SparkPlug",
            "pos": [
                11445.728515625,
                2.2493677139282228,
                6036.97607421875
            ],
            "ypr": [
                0.000022311800421448426,
                90.0,
                -0.000022311800421448426
            ],
            "scale": 1.0,
            "enableCEPersistency": 0
        },
        {
            "name": "Land_Boat_Small7",
            "pos": [
                11421.15234375,
                2.652015209197998,
                6048.037109375
            ],
            "ypr": [
                35.999996185302737,
                -0.0,
                -0.0
            ],
            "scale": 1.0,
            "enableCEPersistency": 0
        },
        {
            "name": "Land_Boat_Small8_Red",
            "pos": [
                11437.76953125,
                1.3133182525634766,
                6042.88818359375
            ],
            "ypr": [
                27.0,
                -0.0,
                -0.0
            ],
            "scale": 0.9999999403953552,
            "enableCEPersistency": 0
        },
        {
            "name": "StaticObj_Misc_FishingGear1",
            "pos": [
                11437.9951171875,
                1.6581270694732667,
                6049.4384765625
            ],
            "ypr": [
                0.0,
                0.0,
                5.956703186035156
            ],
            "scale": 1.0,
            "enableCEPersistency": 0
        },
        {
            "name": "StaticObj_Misc_FishingGear2",
            "pos": [
                11443.951171875,
                1.5022926330566407,
                6054.54052734375
            ],
            "ypr": [
                53.99993896484375,
                -0.0,
                -0.0
            ],
            "scale": 0.9999999403953552,
            "enableCEPersistency": 0
        },
        {
            "name": "Land_Shed_Closed_Small2",
            "pos": [
                11433.8359375,
                3.9988479614257814,
                6063.64892578125
            ],
            "ypr": [
                125.99992370605469,
                0.0,
                -0.0
            ],
            "scale": 1.0,
            "enableCEPersistency": 0
        },
        {
            "name": "Land_Misc_FireBarrel_Red",
            "pos": [
                11435.0703125,
                3.5598549842834474,
                6059.20166015625
            ],
            "ypr": [
                0.0,
                0.0,
                -0.0
            ],
            "scale": 1.0,
            "enableCEPersistency": 0
        },
        {
            "name": "StaticObj_Misc_Chair_Plastic",
            "pos": [
                11434.5068359375,
                3.002913475036621,
                6060.05322265625
            ],
            "ypr": [
                35.999969482421878,
                0.0,
                -0.0
            ],
            "scale": 1.0,
            "enableCEPersistency": 0
        },
        {
            "name": "StaticObj_Misc_Chair_Plastic",
            "pos": [
                11433.7392578125,
                2.614745616912842,
                6057.2236328125
            ],
            "ypr": [
                -104.93099212646485,
                0.0,
                -90.0
            ],
            "scale": 1.0,
            "enableCEPersistency": 0
        },
        {
            "name": "StaticObj_Slum_Roof2",
            "pos": [
                11435.064453125,
                3.6138851642608644,
                6059.17626953125
            ],
            "ypr": [
                -54.00002670288086,
                0.0,
                -0.0
            ],
            "scale": 0.9999999403953552,
            "enableCEPersistency": 0
        },
        {
            "name": "StaticObj_Misc_FishingGear2",
            "pos": [
                11437.6728515625,
                3.328753709793091,
                6070.21435546875
            ],
            "ypr": [
                -152.80587768554688,
                -1.6086548566818238,
                -13.063190460205079
            ],
            "scale": 0.9999982118606567,
            "enableCEPersistency": 0
        },
        {
            "name": "StaticObj_Furniture_foldingbed_open",
            "pos": [
                11430.01171875,
                3.13391375541687,
                6061.8349609375
            ],
            "ypr": [
                35.999908447265628,
                -0.0,
                -0.0
            ],
            "scale": 1.0,
            "enableCEPersistency": 0
        },
        {
            "name": "StaticObj_Misc_Chair_Camp1",
            "pos": [
                11434.560546875,
                3.3466193675994875,
                6063.30126953125
            ],
            "ypr": [
                -51.5224723815918,
                5.0258378982543949,
                4.116984844207764
            ],
            "scale": 0.9999991655349731,
            "enableCEPersistency": 0
        },
        {
            "name": "StaticObj_Furniture_table_DZ",
            "pos": [
                11435.068359375,
                3.105795383453369,
                6062.77490234375
            ],
            "ypr": [
                37.006370544433597,
                0.0,
                -0.0
            ],
            "scale": 1.0,
            "enableCEPersistency": 0
        },
        {
            "name": "StaticObj_Furniture_radio_b",
            "pos": [
                11435.197265625,
                3.559467315673828,
                6062.3798828125
            ],
            "ypr": [
                -18.0,
                0.0,
                0.0
            ],
            "scale": 1.0,
            "enableCEPersistency": 0
        },
        {
            "name": "CrabCan",
            "pos": [
                11435.2255859375,
                3.559467315673828,
                6063.4560546875
            ],
            "ypr": [
                0.0,
                0.0,
                -0.0
            ],
            "scale": 1.0,
            "enableCEPersistency": 0
        },
        {
            "name": "HuntingKnife",
            "pos": [
                11435.400390625,
                3.769585371017456,
                6062.7900390625
            ],
            "ypr": [
                -129.3439483642578,
                -0.000005008956577512436,
                -169.99993896484376
            ],
            "scale": 1.000000238418579,
            "enableCEPersistency": 0
        },
        {
            "name": "SteelheadTrout",
            "pos": [
                11435.099609375,
                3.5752646923065187,
                6062.97998046875
            ],
            "ypr": [
                -128.34254455566407,
                90.0,
                -0.000022311802240437829
            ],
            "scale": 1.000000238418579,
            "enableCEPersistency": 0
        },
        {
            "name": "StaticObj_Furniture_wall_hanger",
            "pos": [
                11433.3955078125,
                4.691824913024902,
                6059.359375
            ],
            "ypr": [
                -54.193511962890628,
                0.0,
                -0.0
            ],
            "scale": 0.9999998807907105,
            "enableCEPersistency": 0
        },
        {
            "name": "BoonieHat_Tan",
            "pos": [
                11434.013671875,
                4.658039093017578,
                6060.291015625
            ],
            "ypr": [
                127.41339111328125,
                0.0,
                -0.0
            ],
            "scale": 0.9999999403953552,
            "enableCEPersistency": 0
        },
        {
            "name": "BoonieHat_Flecktran",
            "pos": [
                11433.447265625,
                4.6616716384887699,
                6059.5078125
            ],
            "ypr": [
                125.99992370605469,
                0.0,
                -0.0
            ],
            "scale": 1.0,
            "enableCEPersistency": 0
        },
        {
            "name": "HuntingVest",
            "pos": [
                11433.123046875,
                4.518340110778809,
                6059.1552734375
            ],
            "ypr": [
                127.78947448730469,
                -89.86437225341797,
                179.9999542236328
            ],
            "scale": 0.9999992847442627,
            "enableCEPersistency": 0
        },
        {
            "name": "FieldShovel",
            "pos": [
                11430.8642578125,
                3.7705440521240236,
                6063.708984375
            ],
            "ypr": [
                171.1292266845703,
                9.999977111816407,
                179.9999542236328
            ],
            "scale": 0.9999992847442627,
            "enableCEPersistency": 0
        },
        {
            "name": "StaticObj_Furniture_wall_hanger",
            "pos": [
                11446.3935546875,
                3.255075216293335,
                6038.560546875
            ],
            "ypr": [
                116.99991607666016,
                0.01909155212342739,
                0.00972757674753666
            ],
            "scale": 1.0,
            "enableCEPersistency": 0
        },
        {
            "name": "FishingRod",
            "pos": [
                11446.228515625,
                3.3220555782318117,
                6038.060546875
            ],
            "ypr": [
                -62.61478042602539,
                0.0,
                -92.0
            ],
            "scale": 0.9999995231628418,
            "enableCEPersistency": 0
        },
        {
            "name": "Hook",
            "pos": [
                11446.099609375,
                2.6075897216796877,
                6037.3798828125
            ],
            "ypr": [
                179.99993896484376,
                -89.89720153808594,
                179.99993896484376
            ],
            "scale": 0.9999998807907105,
            "enableCEPersistency": 0
        },
        {
            "name": "Hook",
            "pos": [
                11446.2158203125,
                2.6075897216796877,
                6037.44580078125
            ],
            "ypr": [
                17.566438674926759,
                -89.90308380126953,
                179.9999237060547
            ],
            "scale": 0.9999998807907105,
            "enableCEPersistency": 0
        },
        {
            "name": "Firewood",
            "pos": [
                11435.7080078125,
                2.65762996673584,
                6062.08251953125
            ],
            "ypr": [
                -56.14339828491211,
                0.0,
                -0.0
            ],
            "scale": 1.0000001192092896,
            "enableCEPersistency": 0
        },
        {
            "name": "Firewood",
            "pos": [
                11435.779296875,
                2.65762996673584,
                6062.1396484375
            ],
            "ypr": [
                -56.14339828491211,
                0.0,
                -0.0
            ],
            "scale": 1.0000001192092896,
            "enableCEPersistency": 0
        },
        {
            "name": "Firewood",
            "pos": [
                11435.8466796875,
                2.65762996673584,
                6062.197265625
            ],
            "ypr": [
                -56.14339828491211,
                0.0,
                -0.0
            ],
            "scale": 1.0000001192092896,
            "enableCEPersistency": 0
        },
        {
            "name": "Firewood",
            "pos": [
                11435.91796875,
                2.65762996673584,
                6062.25390625
            ],
            "ypr": [
                -56.14339828491211,
                0.0,
                -0.0
            ],
            "scale": 1.0000001192092896,
            "enableCEPersistency": 0
        },
        {
            "name": "Firewood",
            "pos": [
                11435.986328125,
                2.65762996673584,
                6062.31005859375
            ],
            "ypr": [
                -56.14339828491211,
                0.0,
                -0.0
            ],
            "scale": 1.0000001192092896,
            "enableCEPersistency": 0
        },
        {
            "name": "Firewood",
            "pos": [
                11435.8759765625,
                2.7282586097717287,
                6062.23095703125
            ],
            "ypr": [
                -56.14339828491211,
                0.0,
                -0.0
            ],
            "scale": 1.0000001192092896,
            "enableCEPersistency": 0
        },
        {
            "name": "Firewood",
            "pos": [
                11435.94140625,
                2.7282586097717287,
                6062.287109375
            ],
            "ypr": [
                -56.14339828491211,
                0.0,
                -0.0
            ],
            "scale": 1.0000001192092896,
            "enableCEPersistency": 0
        },
        {
            "name": "Firewood",
            "pos": [
                11435.7373046875,
                2.7282586097717287,
                6062.11669921875
            ],
            "ypr": [
                -56.14339828491211,
                0.0,
                -0.0
            ],
            "scale": 1.0000001192092896,
            "enableCEPersistency": 0
        },
        {
            "name": "Firewood",
            "pos": [
                11435.8017578125,
                2.7282586097717287,
                6062.17431640625
            ],
            "ypr": [
                -56.14339828491211,
                0.0,
                -0.0
            ],
            "scale": 1.0000001192092896,
            "enableCEPersistency": 0
        },
        {
            "name": "Firewood",
            "pos": [
                11435.849609375,
                2.7968392372131349,
                6062.19580078125
            ],
            "ypr": [
                -56.14339828491211,
                0.0,
                -0.0
            ],
            "scale": 1.0000001192092896,
            "enableCEPersistency": 0
        },
        {
            "name": "Firewood",
            "pos": [
                11435.9150390625,
                2.7968392372131349,
                6062.25244140625
            ],
            "ypr": [
                -56.14339828491211,
                0.0,
                -0.0
            ],
            "scale": 1.0000001192092896,
            "enableCEPersistency": 0
        },
        {
            "name": "Firewood",
            "pos": [
                11435.7763671875,
                2.7968392372131349,
                6062.13818359375
            ],
            "ypr": [
                -56.14339828491211,
                0.0,
                -0.0
            ],
            "scale": 1.0000001192092896,
            "enableCEPersistency": 0
        },
        {
            "name": "Firewood",
            "pos": [
                11435.8037109375,
                2.8730196952819826,
                6062.173828125
            ],
            "ypr": [
                -56.14339828491211,
                0.0,
                -0.0
            ],
            "scale": 1.0000001192092896,
            "enableCEPersistency": 0
        },
        {
            "name": "Firewood",
            "pos": [
                11435.8740234375,
                2.8730196952819826,
                6062.23046875
            ],
            "ypr": [
                -56.14339828491211,
                0.0,
                -0.0
            ],
            "scale": 1.0000001192092896,
            "enableCEPersistency": 0
        },
        {
            "name": "Paper",
            "pos": [
                11434.73828125,
                3.5599398612976076,
                6062.41748046875
            ],
            "ypr": [
                155.22084045410157,
                89.94403839111328,
                179.9999542236328
            ],
            "scale": 0.9999997615814209,
            "enableCEPersistency": 0
        },
        {
            "name": "Paper",
            "pos": [
                11434.73828125,
                3.565310001373291,
                6062.41748046875
            ],
            "ypr": [
                -178.27984619140626,
                89.93743896484375,
                179.99993896484376
            ],
            "scale": 0.9999998807907105,
            "enableCEPersistency": 0
        },
        {
            "name": "Matchbox",
            "pos": [
                11435.86328125,
                3.5772335529327394,
                6062.94189453125
            ],
            "ypr": [
                -49.8473014831543,
                0.0,
                90.0
            ],
            "scale": 1.0,
            "enableCEPersistency": 0
        },
        {
            "name": "StaticObj_Misc_FishingGear2",
            "pos": [
                11452.4931640625,
                1.8114533424377442,
                6065.66796875
            ],
            "ypr": [
                145.7368927001953,
                -2.839503288269043,
                -3.673618793487549
            ],
            "scale": 0.9999999403953552,
            "enableCEPersistency": 0
        },
        {
            "name": "CanisterGasoline",
            "pos": [
                11450.8037109375,
                4.470005989074707,
                6046.6650390625
            ],
            "ypr": [
                -44.99998092651367,
                0.0,
                0.0
            ],
            "scale": 0.9999999403953552,
            "enableCEPersistency": 0
        },
        {
            "name": "Land_Ship_Big_FrontA",
            "pos": [
                11538.099609375,
                3.6699371337890627,
                5876.708984375
            ],
            "ypr": [
                -21.795564651489259,
                -2.3489174842834474,
                -5.851953983306885
            ],
            "scale": 0.9999998807907105,
            "enableCEPersistency": 0
        },
        {
            "name": "Wreck_Mi8",
            "pos": [
                11503.525390625,
                -2.0506887435913088,
                6028.25
            ],
            "ypr": [
                -105.28097534179688,
                0.0,
                -0.0
            ],
            "scale": 0.9999999403953552,
            "enableCEPersistency": 0
        },
        {
            "name": "Wellies_Black",
            "pos": [
                11434.3896484375,
                2.7538506984710695,
                6062.1875
            ],
            "ypr": [
                0.0,
                0.0,
                -0.0
            ],
            "scale": 1.0,
            "enableCEPersistency": 0
        }
    ]
}