{
    "Objects": [
        {
            "name": "Offroad_02_Wheel",
            "pos": [
                7024.16015625,
                2.9015910625457765,
                7458.0498046875
            ],
            "ypr": [
                -9.0,
                0.0,
                90.0
            ],
            "scale": 1.0,
            "enableCEPersistency": 0
        },
        {
            "name": "Offroad_02_Wheel",
            "pos": [
                7024.16015625,
                3.1931726932525636,
                7458.0498046875
            ],
            "ypr": [
                -9.0,
                0.0,
                90.0
            ],
            "scale": 1.0,
            "enableCEPersistency": 0
        },
        {
            "name": "Offroad_02_Wheel",
            "pos": [
                7024.16015625,
                3.4747767448425295,
                7458.0498046875
            ],
            "ypr": [
                -9.0,
                0.0,
                90.0
            ],
            "scale": 1.0,
            "enableCEPersistency": 0
        },
        {
            "name": "Offroad_02_Wheel",
            "pos": [
                7024.16015625,
                3.961840867996216,
                7458.0498046875
            ],
            "ypr": [
                -9.0,
                0.0,
                0.0
            ],
            "scale": 1.0,
            "enableCEPersistency": 0
        },
        {
            "name": "Offroad_02_Wheel",
            "pos": [
                7024.01171875,
                3.867594003677368,
                7459.25146484375
            ],
            "ypr": [
                -18.0,
                0.0,
                90.0
            ],
            "scale": 1.0,
            "enableCEPersistency": 0
        },
        {
            "name": "Offroad_02_Door_1_1",
            "pos": [
                7024.91796875,
                3.0959229469299318,
                7452.884765625
            ],
            "ypr": [
                -178.47866821289063,
                0.0,
                12.0
            ],
            "scale": 1.0,
            "enableCEPersistency": 0
        },
        {
            "name": "Offroad_02_Door_1_2",
            "pos": [
                7024.58447265625,
                3.131453514099121,
                7453.9384765625
            ],
            "ypr": [
                170.85000610351563,
                0.0,
                4.999999046325684
            ],
            "scale": 1.0,
            "enableCEPersistency": 0
        },
        {
            "name": "Offroad_02_Door_2_1",
            "pos": [
                7024.9169921875,
                2.759171485900879,
                7454.8759765625
            ],
            "ypr": [
                38.846473693847659,
                0.0,
                -90.0
            ],
            "scale": 0.9999999403953552,
            "enableCEPersistency": 0
        },
        {
            "name": "Offroad_02_Door_2_2",
            "pos": [
                7025.0498046875,
                3.09552001953125,
                7451.81005859375
            ],
            "ypr": [
                -9.90427017211914,
                -3.9474072456359865,
                -12.752399444580079
            ],
            "scale": 0.9999993443489075,
            "enableCEPersistency": 0
        },
        {
            "name": "Offroad_02_Trunk",
            "pos": [
                7024.21875,
                3.322654962539673,
                7456.298828125
            ],
            "ypr": [
                -11.41270637512207,
                -2.77866530418396,
                -17.333356857299806
            ],
            "scale": 1.0000001192092896,
            "enableCEPersistency": 0
        },
        {
            "name": "CarBattery",
            "pos": [
                7023.48779296875,
                3.808218002319336,
                7461.7939453125
            ],
            "ypr": [
                46.518001556396487,
                0.0,
                -0.0
            ],
            "scale": 1.0,
            "enableCEPersistency": 0
        },
        {
            "name": "GlowPlug",
            "pos": [
                7053.0,
                3.5046498775482179,
                7446.31640625
            ],
            "ypr": [
                -49.63310623168945,
                0.0,
                -90.0
            ],
            "scale": 0.9999996423721314,
            "enableCEPersistency": 0
        },
        {
            "name": "CanisterGasoline",
            "pos": [
                7053.64990234375,
                2.909977436065674,
                7446.58203125
            ],
            "ypr": [
                -103.00678253173828,
                0.0,
                -0.0
            ],
            "scale": 1.0,
            "enableCEPersistency": 0
        },
        {
            "name": "Epinephrine",
            "pos": [
                6966.06005859375,
                3.392549991607666,
                7561.5419921875
            ],
            "ypr": [
                10.438270568847657,
                0.0,
                -179.99998474121095
            ],
            "scale": 0.9999995827674866,
            "enableCEPersistency": 0
        },
        {
            "name": "Epinephrine",
            "pos": [
                6965.974609375,
                3.392549991607666,
                7561.54638671875
            ],
            "ypr": [
                9.174077033996582,
                0.0,
                -179.99996948242188
            ],
            "scale": 0.9999995231628418,
            "enableCEPersistency": 0
        },
        {
            "name": "Morphine",
            "pos": [
                6966.05126953125,
                3.3870744705200197,
                7561.3505859375
            ],
            "ypr": [
                0.0,
                0.0,
                -179.99998474121095
            ],
            "scale": 1.0,
            "enableCEPersistency": 0
        },
        {
            "name": "Morphine",
            "pos": [
                6966.0087890625,
                3.3870744705200197,
                7561.34326171875
            ],
            "ypr": [
                0.0,
                0.0,
                -179.99996948242188
            ],
            "scale": 0.9999999403953552,
            "enableCEPersistency": 0
        },
        {
            "name": "Morphine",
            "pos": [
                6966.01220703125,
                3.3870744705200197,
                7561.3876953125
            ],
            "ypr": [
                0.0,
                0.0,
                -179.9999542236328
            ],
            "scale": 0.9999999403953552,
            "enableCEPersistency": 0
        },
        {
            "name": "Morphine",
            "pos": [
                6966.056640625,
                3.3870744705200197,
                7561.39697265625
            ],
            "ypr": [
                0.0,
                0.0,
                -179.99993896484376
            ],
            "scale": 0.9999998807907105,
            "enableCEPersistency": 0
        },
        {
            "name": "FirstAidKit",
            "pos": [
                6968.99755859375,
                3.794569969177246,
                7555.69384765625
            ],
            "ypr": [
                103.11392211914063,
                0.0,
                -0.0
            ],
            "scale": 1.0,
            "enableCEPersistency": 0
        },
        {
            "name": "Boat_01_Camo",
            "pos": [
                8114.92919921875,
                0.2327222228050232,
                6688.60205078125
            ],
            "ypr": [
                -159.9767303466797,
                0.8497114777565002,
                0.3341084420681
            ],
            "scale": 1.0000001192092896,
            "enableCEPersistency": 0
        },
        {
            "name": "Land_Wall_Gate_FenG_Big_Open",
            "pos": [
                8111.7353515625,
                1.704254150390625,
                6682.62158203125
            ],
            "ypr": [
                22.73603057861328,
                0.0,
                -0.0
            ],
            "scale": 1.0,
            "enableCEPersistency": 0
        },
        {
            "name": "Land_Wall_Gate_FenG_Big_Open",
            "pos": [
                8117.24853515625,
                1.704254150390625,
                6680.76220703125
            ],
            "ypr": [
                20.18621253967285,
                0.0,
                -0.0
            ],
            "scale": 1.0,
            "enableCEPersistency": 0
        },
        {
            "name": "StaticObj_Furniture_Kitchen_desk_B",
            "pos": [
                8112.87841796875,
                2.733147144317627,
                6694.41015625
            ],
            "ypr": [
                110.91468048095703,
                0.0,
                -0.0
            ],
            "scale": 0.9999998807907105,
            "enableCEPersistency": 0
        },
        {
            "name": "CanisterGasoline",
            "pos": [
                8113.42578125,
                1.8766192197799683,
                6694.15185546875
            ],
            "ypr": [
                110.35690307617188,
                0.0,
                -0.0
            ],
            "scale": 1.0,
            "enableCEPersistency": 0
        },
        {
            "name": "SparkPlug",
            "pos": [
                8112.68994140625,
                2.676151752471924,
                6694.41015625
            ],
            "ypr": [
                -180.0,
                90.0,
                -180.0
            ],
            "scale": 1.0,
            "enableCEPersistency": 0
        },
        {
            "name": "SparkPlug",
            "pos": [
                8112.5458984375,
                2.676151752471924,
                6694.49853515625
            ],
            "ypr": [
                49.603485107421878,
                90.0,
                -0.000005008955668017734
            ],
            "scale": 0.9999994039535523,
            "enableCEPersistency": 0
        },
        {
            "name": "SparkPlug",
            "pos": [
                8112.6240234375,
                2.676151752471924,
                6694.44921875
            ],
            "ypr": [
                -31.75874900817871,
                89.93743896484375,
                179.99998474121095
            ],
            "scale": 0.9999991059303284,
            "enableCEPersistency": 0
        },
        {
            "name": "CanisterGasoline",
            "pos": [
                8114.69091796875,
                4.518136024475098,
                6693.63232421875
            ],
            "ypr": [
                110.35689544677735,
                0.0,
                -0.0
            ],
            "scale": 1.0,
            "enableCEPersistency": 0
        }
    ]
}