{
    "Objects": [
        {
            "name": "BushlatPoliceJacket_Blue",
            "pos": [
                9148.6845703125,
                72.88407897949219,
                10953.55078125
            ],
            "ypr": [
                58.562599182128909,
                0.0,
                -0.0
            ],
            "scale": 0.9999999403953552,
            "enableCEPersistency": 0
        },
        {
            "name": "PoliceVest",
            "pos": [
                9150.2763671875,
                73.49720001220703,
                10954.5458984375
            ],
            "ypr": [
                -33.85542297363281,
                0.0,
                -90.0
            ],
            "scale": 1.0,
            "enableCEPersistency": 0
        },
        {
            "name": "OfficerHat",
            "pos": [
                9150.52734375,
                73.5719223022461,
                10954.623046875
            ],
            "ypr": [
                55.108028411865237,
                0.0,
                -0.0
            ],
            "scale": 0.9999999403953552,
            "enableCEPersistency": 0
        },
        {
            "name": "Binoculars",
            "pos": [
                9147.6630859375,
                72.92388153076172,
                10953.294921875
            ],
            "ypr": [
                -124.23774719238281,
                -90.0,
                -180.0
            ],
            "scale": 1.0000001192092896,
            "enableCEPersistency": 0
        },
        {
            "name": "TacticalBaconCan",
            "pos": [
                9146.5888671875,
                72.68930053710938,
                10954.92578125
            ],
            "ypr": [
                89.33827209472656,
                0.0,
                -0.0
            ],
            "scale": 1.0,
            "enableCEPersistency": 0
        },
        {
            "name": "Canteen",
            "pos": [
                9146.2021484375,
                73.19400787353516,
                10954.5478515625
            ],
            "ypr": [
                0.0,
                0.0,
                -0.0
            ],
            "scale": 1.0,
            "enableCEPersistency": 0
        },
        {
            "name": "BookMobyDick",
            "pos": [
                9146.84375,
                73.47711944580078,
                10955.0107421875
            ],
            "ypr": [
                -121.9839096069336,
                -90.0,
                -0.000005008955668017734
            ],
            "scale": 0.9999999403953552,
            "enableCEPersistency": 0
        },
        {
            "name": "LeatherSewingKit",
            "pos": [
                9145.8671875,
                73.82183837890625,
                10954.26171875
            ],
            "ypr": [
                -46.02463912963867,
                90.0,
                -180.0
            ],
            "scale": 1.000000238418579,
            "enableCEPersistency": 0
        },
        {
            "name": "NailBox",
            "pos": [
                9185.900390625,
                69.90021514892578,
                10960.015625
            ],
            "ypr": [
                0.0,
                0.0,
                -0.0
            ],
            "scale": 1.0,
            "enableCEPersistency": 0
        },
        {
            "name": "NailBox",
            "pos": [
                9185.669921875,
                69.90021514892578,
                10960.0546875
            ],
            "ypr": [
                -79.57373809814453,
                0.0,
                -0.0
            ],
            "scale": 1.0,
            "enableCEPersistency": 0
        },
        {
            "name": "NailBox",
            "pos": [
                9185.599609375,
                69.90021514892578,
                10960.78515625
            ],
            "ypr": [
                -119.79782104492188,
                0.0,
                -0.0
            ],
            "scale": 0.9999999403953552,
            "enableCEPersistency": 0
        },
        {
            "name": "NailBox",
            "pos": [
                9185.9482421875,
                69.90021514892578,
                10960.39453125
            ],
            "ypr": [
                -79.427978515625,
                0.0,
                -0.0
            ],
            "scale": 1.0,
            "enableCEPersistency": 0
        },
        {
            "name": "Pliers",
            "pos": [
                9186.591796875,
                69.60114288330078,
                10961.482421875
            ],
            "ypr": [
                38.18370056152344,
                -77.0,
                0.0
            ],
            "scale": 1.0000001192092896,
            "enableCEPersistency": 0
        },
        {
            "name": "Land_Misc_FireBarrel_Yellow",
            "pos": [
                9187.8115234375,
                70.03775024414063,
                10960.447265625
            ],
            "ypr": [
                87.78180694580078,
                0.0,
                -0.0
            ],
            "scale": 1.0000003576278687,
            "enableCEPersistency": 0
        },
        {
            "name": "Heatpack",
            "pos": [
                9145.90234375,
                73.44537353515625,
                10954.263671875
            ],
            "ypr": [
                -44.999996185302737,
                90.0,
                -180.0
            ],
            "scale": 1.0000001192092896,
            "enableCEPersistency": 0
        },
        {
            "name": "Heatpack",
            "pos": [
                9146.0263671875,
                73.44537353515625,
                10954.3974609375
            ],
            "ypr": [
                107.59619140625,
                90.0,
                -0.000005008955668017734
            ],
            "scale": 0.9999998211860657,
            "enableCEPersistency": 0
        },
        {
            "name": "PaddedGloves_Brown",
            "pos": [
                9150.36328125,
                73.80077362060547,
                10954.58203125
            ],
            "ypr": [
                -108.55138397216797,
                0.0,
                -0.0
            ],
            "scale": 1.0,
            "enableCEPersistency": 0
        },
        {
            "name": "BookTheShunnedHouse",
            "pos": [
                9147.1513671875,
                73.59461975097656,
                10955.1943359375
            ],
            "ypr": [
                -124.86988067626953,
                0.0,
                -0.0
            ],
            "scale": 1.0000001192092896,
            "enableCEPersistency": 0
        },
        {
            "name": "BookTheVariableMan",
            "pos": [
                9147.0966796875,
                73.5949935913086,
                10955.169921875
            ],
            "ypr": [
                -124.5654296875,
                0.0,
                -0.0
            ],
            "scale": 1.0,
            "enableCEPersistency": 0
        },
        {
            "name": "BookTheBarrier",
            "pos": [
                9147.0400390625,
                73.57451629638672,
                10955.138671875
            ],
            "ypr": [
                -125.99987030029297,
                0.0,
                -0.0
            ],
            "scale": 1.0,
            "enableCEPersistency": 0
        },
        {
            "name": "BookLonesomeLand",
            "pos": [
                9146.849609375,
                73.53268432617188,
                10955.044921875
            ],
            "ypr": [
                53.999996185302737,
                -90.0,
                -180.0
            ],
            "scale": 1.0000001192092896,
            "enableCEPersistency": 0
        },
        {
            "name": "ZagorkyChocolate",
            "pos": [
                9148.2080078125,
                72.90338134765625,
                10953.5947265625
            ],
            "ypr": [
                81.58688354492188,
                90.0,
                -180.0
            ],
            "scale": 1.0000001192092896,
            "enableCEPersistency": 0
        },
        {
            "name": "Land_Radio_PanelPAS",
            "pos": [
                9147.11328125,
                72.20330047607422,
                10952.640625
            ],
            "ypr": [
                58.278564453125,
                0.0,
                -0.0
            ],
            "scale": 1.0,
            "enableCEPersistency": 0
        },
        {
            "name": "StaticObj_Misc_Chair_Camp2",
            "pos": [
                9146.3466796875,
                72.66561126708985,
                10953.349609375
            ],
            "ypr": [
                -98.99993133544922,
                0.0,
                -0.0
            ],
            "scale": 1.0,
            "enableCEPersistency": 0
        },
        {
            "name": "StaticObj_Furniture_school_map",
            "pos": [
                9147.9052734375,
                73.655029296875,
                10955.8857421875
            ],
            "ypr": [
                -31.923704147338868,
                0.0,
                -0.0
            ],
            "scale": 0.9999998211860657,
            "enableCEPersistency": 0
        },
        {
            "name": "StaticObj_Furniture_wall_board_03",
            "pos": [
                9149.27734375,
                72.44886016845703,
                10956.7626953125
            ],
            "ypr": [
                148.17027282714845,
                0.0,
                -0.0
            ],
            "scale": 1.0,
            "enableCEPersistency": 0
        },
        {
            "name": "StaticObj_Furniture_tac_board_posters_level2",
            "pos": [
                9146.4267578125,
                73.25545501708985,
                10955.2080078125
            ],
            "ypr": [
                148.23226928710938,
                0.0,
                -0.0
            ],
            "scale": 1.0000003576278687,
            "enableCEPersistency": 0
        },
        {
            "name": "Chips",
            "pos": [
                9146.74609375,
                72.69792175292969,
                10954.9423828125
            ],
            "ypr": [
                110.77351379394531,
                -90.0,
                -180.0
            ],
            "scale": 1.0,
            "enableCEPersistency": 0
        },
        {
            "name": "StaticObj_Furniture_bucket",
            "pos": [
                9181.390625,
                68.95621490478516,
                10960.0234375
            ],
            "ypr": [
                0.0,
                0.0,
                -0.0
            ],
            "scale": 1.0,
            "enableCEPersistency": 0
        },
        {
            "name": "Wrench",
            "pos": [
                9181.287109375,
                69.10911560058594,
                10960.04296875
            ],
            "ypr": [
                104.43698120117188,
                14.999987602233887,
                179.99998474121095
            ],
            "scale": 0.9999993443489075,
            "enableCEPersistency": 0
        },
        {
            "name": "PipeWrench",
            "pos": [
                9183.720703125,
                69.42940521240235,
                10960.8671875
            ],
            "ypr": [
                -180.0,
                -0.000005008955668017734,
                -169.99998474121095
            ],
            "scale": 1.0,
            "enableCEPersistency": 0
        },
        {
            "name": "Screwdriver",
            "pos": [
                9181.3701171875,
                69.02784729003906,
                10959.9521484375
            ],
            "ypr": [
                0.0,
                0.0,
                -0.0
            ],
            "scale": 1.0,
            "enableCEPersistency": 0
        },
        {
            "name": "Hatchet",
            "pos": [
                9181.4951171875,
                69.2453384399414,
                10960.056640625
            ],
            "ypr": [
                -93.82286071777344,
                15.000000953674317,
                179.99998474121095
            ],
            "scale": 1.0000001192092896,
            "enableCEPersistency": 0
        },
        {
            "name": "Land_House_1W13_Dam",
            "pos": [
                9135.4921875,
                233.35531616210938,
                12094.466796875
            ],
            "ypr": [
                -36.00004577636719,
                0.0,
                0.0
            ],
            "scale": 0.9999999403953552,
            "enableCEPersistency": 0
        },
        {
            "name": "StaticObj_Furniture_matress_white_bent",
            "pos": [
                9138.9384765625,
                232.08441162109376,
                12093.9111328125
            ],
            "ypr": [
                -115.23381042480469,
                0.0,
                -0.0
            ],
            "scale": 0.9999995827674866,
            "enableCEPersistency": 0
        },
        {
            "name": "StaticObj_Furniture_matress_white",
            "pos": [
                9139.1796875,
                232.0056915283203,
                12094.9970703125
            ],
            "ypr": [
                -35.999996185302737,
                0.0,
                -0.0
            ],
            "scale": 1.0,
            "enableCEPersistency": 0
        },
        {
            "name": "StaticObj_Furniture_Desk_Globe",
            "pos": [
                9136.72265625,
                232.643798828125,
                12091.603515625
            ],
            "ypr": [
                0.0,
                0.0,
                -0.0
            ],
            "scale": 1.0,
            "enableCEPersistency": 0
        },
        {
            "name": "Jeans_Blue",
            "pos": [
                9136.177734375,
                232.41537475585938,
                12091.146484375
            ],
            "ypr": [
                -53.99998474121094,
                0.0,
                0.0
            ],
            "scale": 1.0,
            "enableCEPersistency": 0
        },
        {
            "name": "WorkingBoots_Brown",
            "pos": [
                9137.21875,
                231.79701232910157,
                12091.5068359375
            ],
            "ypr": [
                9.000009536743164,
                -0.0,
                -0.0
            ],
            "scale": 1.0,
            "enableCEPersistency": 0
        },
        {
            "name": "DeadFox",
            "pos": [
                9135.2724609375,
                231.21743774414063,
                12098.5791015625
            ],
            "ypr": [
                -25.944398880004884,
                2.999998092651367,
                18.09999656677246
            ],
            "scale": 0.9999993443489075,
            "enableCEPersistency": 0
        },
        {
            "name": "MKII",
            "pos": [
                9133.958984375,
                232.66925048828126,
                12093.8896484375
            ],
            "ypr": [
                86.20671844482422,
                -90.0,
                -180.0
            ],
            "scale": 1.0000003576278687,
            "enableCEPersistency": 0
        },
        {
            "name": "Mag_MKII_10Rnd",
            "pos": [
                9134.154296875,
                232.65185546875,
                12093.8115234375
            ],
            "ypr": [
                -135.0,
                90.0,
                0.0
            ],
            "scale": 1.0,
            "enableCEPersistency": 0
        },
        {
            "name": "Mag_MKII_10Rnd",
            "pos": [
                9134.177734375,
                232.65185546875,
                12093.69921875
            ],
            "ypr": [
                -94.8211669921875,
                90.0,
                -0.000005008955668017734
            ],
            "scale": 1.0000001192092896,
            "enableCEPersistency": 0
        },
        {
            "name": "Flaregun",
            "pos": [
                9131.3427734375,
                232.32565307617188,
                12092.9892578125
            ],
            "ypr": [
                10.149383544921875,
                -89.3876953125,
                -117.8165512084961
            ],
            "scale": 1.0,
            "enableCEPersistency": 0
        },
        {
            "name": "Ammo_FlareRed",
            "pos": [
                9131.810546875,
                231.25474548339845,
                12093.2119140625
            ],
            "ypr": [
                0.0000025613360321585789,
                0.0,
                -0.0
            ],
            "scale": 0.9999960064888,
            "enableCEPersistency": 0
        },
        {
            "name": "Ammo_FlareRed",
            "pos": [
                9132.23046875,
                231.25474548339845,
                12092.923828125
            ],
            "ypr": [
                -47.73926544189453,
                0.0,
                -0.0
            ],
            "scale": 0.9999959468841553,
            "enableCEPersistency": 0
        },
        {
            "name": "Ammo_FlareRed",
            "pos": [
                9131.9345703125,
                231.25474548339845,
                12092.8056640625
            ],
            "ypr": [
                -86.12530517578125,
                0.0,
                -0.0
            ],
            "scale": 0.9999993443489075,
            "enableCEPersistency": 0
        },
        {
            "name": "FilteringBottle",
            "pos": [
                9131.2373046875,
                231.4017791748047,
                12092.951171875
            ],
            "ypr": [
                -126.51079559326172,
                90.0,
                -180.0
            ],
            "scale": 1.0000003576278687,
            "enableCEPersistency": 0
        },
        {
            "name": "Land_Dead_MassGrave",
            "pos": [
                9129.93359375,
                230.94798278808595,
                12083.341796875
            ],
            "ypr": [
                0.0,
                0.0,
                6.999999523162842
            ],
            "scale": 1.0000001192092896,
            "enableCEPersistency": 0
        },
        {
            "name": "StaticObj_Ruin_HouseBlock_Total",
            "pos": [
                9116.3740234375,
                234.9279327392578,
                12089.8994140625
            ],
            "ypr": [
                0.0,
                0.0,
                4.999998092651367
            ],
            "scale": 1.0,
            "enableCEPersistency": 0
        },
        {
            "name": "Land_Ruin_Slum_House3",
            "pos": [
                9151.740234375,
                231.3572998046875,
                12091.6494140625
            ],
            "ypr": [
                0.0,
                1.9999998807907105,
                0.0
            ],
            "scale": 0.9999999403953552,
            "enableCEPersistency": 0
        },
        {
            "name": "Land_Ruin_Slum_House4",
            "pos": [
                9151.8623046875,
                231.49220275878907,
                12078.646484375
            ],
            "ypr": [
                62.999961853027347,
                -0.0,
                -0.0
            ],
            "scale": 1.0,
            "enableCEPersistency": 0
        },
        {
            "name": "Land_Slum_House7",
            "pos": [
                9133.1181640625,
                234.26805114746095,
                12115.12109375
            ],
            "ypr": [
                73.08638000488281,
                0.0,
                4.999999046325684
            ],
            "scale": 1.0000005960464478,
            "enableCEPersistency": 0
        },
        {
            "name": "Land_Castle_Stairs_nolc",
            "pos": [
                9136.16015625,
                226.2418212890625,
                12108.03125
            ],
            "ypr": [
                -106.27159118652344,
                -2.308018445968628,
                0.33848270773887637
            ],
            "scale": 1.0000001192092896,
            "enableCEPersistency": 0
        }
    ]
}