{
    "Objects": [
        {
            "name": "Firewood",
            "pos": [
                5786.8095703125,
                8.142461776733399,
                10361.6513671875
            ],
            "ypr": [
                8.999934196472168,
                -0.0,
                -0.0
            ],
            "scale": 1.0,
            "enableCEPersistency": 0
        },
        {
            "name": "Firewood",
            "pos": [
                5786.9033203125,
                8.142461776733399,
                10361.5625
            ],
            "ypr": [
                8.999933242797852,
                0.0,
                -0.0
            ],
            "scale": 1.0,
            "enableCEPersistency": 0
        },
        {
            "name": "Firewood",
            "pos": [
                5786.85009765625,
                8.216653823852539,
                10361.5791015625
            ],
            "ypr": [
                8.999932289123536,
                0.0,
                -0.0
            ],
            "scale": 1.0,
            "enableCEPersistency": 0
        },
        {
            "name": "Paper",
            "pos": [
                5784.02490234375,
                8.669947624206543,
                10359.646484375
            ],
            "ypr": [
                0.000005008955668017734,
                90.0,
                -0.000005008955668017734
            ],
            "scale": 1.0,
            "enableCEPersistency": 0
        },
        {
            "name": "PetrolLighter",
            "pos": [
                5786.490234375,
                8.788308143615723,
                10356.7001953125
            ],
            "ypr": [
                0.0,
                0.0,
                0.0
            ],
            "scale": 1.0,
            "enableCEPersistency": 0
        },
        {
            "name": "MetalWire",
            "pos": [
                5782.2314453125,
                9.650093078613282,
                10356.6220703125
            ],
            "ypr": [
                19.623804092407228,
                0.0,
                -0.0
            ],
            "scale": 1.0,
            "enableCEPersistency": 0
        },
        {
            "name": "Pot",
            "pos": [
                5787.04736328125,
                8.883111000061036,
                10364.185546875
            ],
            "ypr": [
                0.0,
                0.0,
                -0.0
            ],
            "scale": 1.0,
            "enableCEPersistency": 0
        },
        {
            "name": "HuntingJacket_Winter",
            "pos": [
                5787.482421875,
                12.16244888305664,
                10361.5009765625
            ],
            "ypr": [
                -68.18479919433594,
                0.0,
                -0.0
            ],
            "scale": 0.9999997615814209,
            "enableCEPersistency": 0
        },
        {
            "name": "HuntingVest_Winter",
            "pos": [
                5787.32080078125,
                12.16244888305664,
                10360.970703125
            ],
            "ypr": [
                -71.99994659423828,
                0.0,
                0.0
            ],
            "scale": 1.0,
            "enableCEPersistency": 0
        },
        {
            "name": "HunterPants_Winter",
            "pos": [
                5787.83154296875,
                12.16244888305664,
                10361.4765625
            ],
            "ypr": [
                -12.749059677124024,
                0.0,
                -0.0
            ],
            "scale": 1.0,
            "enableCEPersistency": 0
        },
        {
            "name": "TortillaBag_Winter",
            "pos": [
                5786.61767578125,
                11.792013168334961,
                10358.900390625
            ],
            "ypr": [
                154.3907012939453,
                0.0,
                -0.0
            ],
            "scale": 0.9999992847442627,
            "enableCEPersistency": 0
        },
        {
            "name": "CoyoteBag_Winter",
            "pos": [
                5785.99951171875,
                11.31027889251709,
                10358.7734375
            ],
            "ypr": [
                -161.99998474121095,
                0.0,
                -0.0
            ],
            "scale": 1.0,
            "enableCEPersistency": 0
        },
        {
            "name": "BalaclavaMask_White",
            "pos": [
                5786.916015625,
                12.192399024963379,
                10360.53515625
            ],
            "ypr": [
                -44.99999237060547,
                72.00001525878906,
                -0.000005008955668017734
            ],
            "scale": 1.0,
            "enableCEPersistency": 0
        },
        {
            "name": "SnowstormUshanka_Brown",
            "pos": [
                5781.611328125,
                11.762133598327637,
                10361.9990234375
            ],
            "ypr": [
                0.0,
                0.0,
                -0.0
            ],
            "scale": 1.0,
            "enableCEPersistency": 0
        },
        {
            "name": "DownJacket_Red",
            "pos": [
                5782.37744140625,
                12.508316040039063,
                10360.599609375
            ],
            "ypr": [
                27.297988891601564,
                0.0,
                -90.0
            ],
            "scale": 0.9999998807907105,
            "enableCEPersistency": 0
        },
        {
            "name": "HunterPants_Brown",
            "pos": [
                5782.03173828125,
                11.848628044128418,
                10360.72265625
            ],
            "ypr": [
                0.0,
                0.0,
                -0.0
            ],
            "scale": 1.0,
            "enableCEPersistency": 0
        },
        {
            "name": "HikingBootsLow_Beige",
            "pos": [
                5782.119140625,
                11.340052604675293,
                10360.67578125
            ],
            "ypr": [
                -35.999996185302737,
                0.0,
                -0.0
            ],
            "scale": 1.0,
            "enableCEPersistency": 0
        },
        {
            "name": "SkiGloves_Red",
            "pos": [
                5781.39208984375,
                11.852164268493653,
                10360.943359375
            ],
            "ypr": [
                0.0,
                0.0,
                -0.0
            ],
            "scale": 1.0,
            "enableCEPersistency": 0
        },
        {
            "name": "MilitaryBoots_Black",
            "pos": [
                5787.1416015625,
                11.296027183532715,
                10360.064453125
            ],
            "ypr": [
                -107.99993896484375,
                0.0,
                -0.0
            ],
            "scale": 1.0,
            "enableCEPersistency": 0
        },
        {
            "name": "SnowstormUshanka_White",
            "pos": [
                5787.232421875,
                12.194693565368653,
                10360.494140625
            ],
            "ypr": [
                -155.1282958984375,
                0.0,
                -0.0
            ],
            "scale": 1.0,
            "enableCEPersistency": 0
        },
        {
            "name": "WoolGloves_White",
            "pos": [
                5787.78662109375,
                12.153091430664063,
                10361.025390625
            ],
            "ypr": [
                0.0,
                0.0,
                -0.0
            ],
            "scale": 1.0,
            "enableCEPersistency": 0
        },
        {
            "name": "Sweater_ChristmasBlue",
            "pos": [
                5781.63623046875,
                11.783191680908204,
                10362.4169921875
            ],
            "ypr": [
                0.0,
                0.0,
                -0.0
            ],
            "scale": 1.0,
            "enableCEPersistency": 0
        },
        {
            "name": "Sweater_ChristmasGreen",
            "pos": [
                5781.56005859375,
                11.744868278503418,
                10362.84375
            ],
            "ypr": [
                0.0,
                0.0,
                -0.0
            ],
            "scale": 1.0,
            "enableCEPersistency": 0
        },
        {
            "name": "Sweater_ChristmasRed",
            "pos": [
                5781.89111328125,
                11.7538480758667,
                10363.1328125
            ],
            "ypr": [
                6.728075981140137,
                0.0,
                -0.0
            ],
            "scale": 1.0,
            "enableCEPersistency": 0
        },
        {
            "name": "BalaclavaMask_Black",
            "pos": [
                5781.7138671875,
                11.909199714660645,
                10360.96484375
            ],
            "ypr": [
                113.01599884033203,
                68.9998779296875,
                -0.0
            ],
            "scale": 0.9999996423721314,
            "enableCEPersistency": 0
        },
        {
            "name": "StaticObj_Misc_Gunrack",
            "pos": [
                5783.40869140625,
                11.660420417785645,
                10364.705078125
            ],
            "ypr": [
                -159.63363647460938,
                0.0,
                -0.0
            ],
            "scale": 0.9999997615814209,
            "enableCEPersistency": 0
        },
        {
            "name": "AKM",
            "pos": [
                5783.43017578125,
                12.048818588256836,
                10364.7001953125
            ],
            "ypr": [
                161.99998474121095,
                90.0,
                -0.000005008955668017734
            ],
            "scale": 0.9999999403953552,
            "enableCEPersistency": 0
        },
        {
            "name": "Mag_AKM_Drum_TEST",
            "pos": [
                5783.7939453125,
                11.419981956481934,
                10364.5830078125
            ],
            "ypr": [
                18.0,
                0.0,
                -0.0
            ],
            "scale": 1.0,
            "enableCEPersistency": 0
        },
        {
            "name": "Mag_AKM_Drum_TEST",
            "pos": [
                5783.8642578125,
                11.419981956481934,
                10364.7919921875
            ],
            "ypr": [
                18.0,
                0.0,
                -0.0
            ],
            "scale": 1.0,
            "enableCEPersistency": 0
        },
        {
            "name": "Colt1911",
            "pos": [
                5787.7216796875,
                9.511143684387207,
                10365.2900390625
            ],
            "ypr": [
                -78.78169250488281,
                90.0,
                -0.000005008955668017734
            ],
            "scale": 1.0,
            "enableCEPersistency": 0
        },
        {
            "name": "Mag_1911_7Rnd",
            "pos": [
                5787.57373046875,
                8.172398567199707,
                10365.2587890625
            ],
            "ypr": [
                -67.46578979492188,
                90.0,
                -0.000005008955668017734
            ],
            "scale": 0.9999999403953552,
            "enableCEPersistency": 0
        },
        {
            "name": "Mag_1911_7Rnd",
            "pos": [
                5787.55859375,
                8.172398567199707,
                10365.1923828125
            ],
            "ypr": [
                112.5342025756836,
                89.98020935058594,
                179.99998474121095
            ],
            "scale": 0.9999998807907105,
            "enableCEPersistency": 0
        },
        {
            "name": "Mag_1911_7Rnd",
            "pos": [
                5787.6376953125,
                8.172398567199707,
                10365.1611328125
            ],
            "ypr": [
                112.5342025756836,
                89.98020935058594,
                179.99998474121095
            ],
            "scale": 0.9999998807907105,
            "enableCEPersistency": 0
        },
        {
            "name": "BandageDressing",
            "pos": [
                5865.38623046875,
                7.259591579437256,
                10177.8955078125
            ],
            "ypr": [
                -34.39398956298828,
                90.0,
                -0.000005008955668017734
            ],
            "scale": 1.0,
            "enableCEPersistency": 0
        },
        {
            "name": "BandageDressing",
            "pos": [
                5865.3271484375,
                7.259591579437256,
                10177.849609375
            ],
            "ypr": [
                145.6060028076172,
                90.0,
                179.99998474121095
            ],
            "scale": 1.0,
            "enableCEPersistency": 0
        },
        {
            "name": "BandageDressing",
            "pos": [
                5864.5888671875,
                7.641643524169922,
                10177.3359375
            ],
            "ypr": [
                145.6060028076172,
                90.0,
                179.99998474121095
            ],
            "scale": 1.0,
            "enableCEPersistency": 0
        },
        {
            "name": "VitaminBottle",
            "pos": [
                5866.65625,
                8.03688907623291,
                10178.9052734375
            ],
            "ypr": [
                0.0,
                0.0,
                -0.0
            ],
            "scale": 1.0,
            "enableCEPersistency": 0
        },
        {
            "name": "VitaminBottle",
            "pos": [
                5866.72998046875,
                8.03688907623291,
                10178.8251953125
            ],
            "ypr": [
                0.0,
                0.0,
                -0.0
            ],
            "scale": 1.0,
            "enableCEPersistency": 0
        },
        {
            "name": "M4A1",
            "pos": [
                5790.21875,
                8.951312065124512,
                10376.5458984375
            ],
            "ypr": [
                -160.30726623535157,
                -90.0,
                -180.0
            ],
            "scale": 0.9999998807907105,
            "enableCEPersistency": 0
        },
        {
            "name": "M4A1_Green",
            "pos": [
                5789.162109375,
                8.30758285522461,
                10374.927734375
            ],
            "ypr": [
                -152.83299255371095,
                14.999996185302735,
                90.0
            ],
            "scale": 0.9999998211860657,
            "enableCEPersistency": 0
        },
        {
            "name": "M4_Suppressor",
            "pos": [
                5789.44677734375,
                8.985079765319825,
                10375.095703125
            ],
            "ypr": [
                0.0,
                0.0,
                -0.0
            ],
            "scale": 1.0,
            "enableCEPersistency": 0
        },
        {
            "name": "M4_Suppressor",
            "pos": [
                5789.32666015625,
                8.985079765319825,
                10375.142578125
            ],
            "ypr": [
                0.0,
                0.0,
                -0.0
            ],
            "scale": 1.0,
            "enableCEPersistency": 0
        },
        {
            "name": "M4_Suppressor",
            "pos": [
                5789.2001953125,
                8.985079765319825,
                10375.126953125
            ],
            "ypr": [
                0.0,
                0.0,
                -0.0
            ],
            "scale": 1.0,
            "enableCEPersistency": 0
        },
        {
            "name": "M4_CarryHandleOptic",
            "pos": [
                5789.78173828125,
                9.22783088684082,
                10374.419921875
            ],
            "ypr": [
                -155.5003204345703,
                0.0,
                -90.0
            ],
            "scale": 0.9999998807907105,
            "enableCEPersistency": 0
        },
        {
            "name": "M4_T3NRDSOptic",
            "pos": [
                5789.74462890625,
                9.297409057617188,
                10374.291015625
            ],
            "ypr": [
                0.0,
                0.0,
                -0.0
            ],
            "scale": 1.0,
            "enableCEPersistency": 0
        },
        {
            "name": "M4_PlasticHndgrd_Black",
            "pos": [
                5789.8310546875,
                8.918657302856446,
                10374.419921875
            ],
            "ypr": [
                0.0,
                0.0,
                -0.0
            ],
            "scale": 1.0,
            "enableCEPersistency": 0
        },
        {
            "name": "M4_PlasticHndgrd_Green",
            "pos": [
                5789.7939453125,
                8.92354679107666,
                10374.3359375
            ],
            "ypr": [
                60.160560607910159,
                0.0,
                -0.0
            ],
            "scale": 1.0,
            "enableCEPersistency": 0
        },
        {
            "name": "M4_RISHndgrd_Black",
            "pos": [
                5789.7314453125,
                8.922080039978028,
                10374.2421875
            ],
            "ypr": [
                23.197473526000978,
                0.5993676781654358,
                -1.3982969522476197
            ],
            "scale": 1.0,
            "enableCEPersistency": 0
        },
        {
            "name": "M4_RISHndgrd_Green",
            "pos": [
                5789.7138671875,
                8.860734939575196,
                10374.1572265625
            ],
            "ypr": [
                119.40972900390625,
                89.97201538085938,
                -180.0
            ],
            "scale": 0.9999997615814209,
            "enableCEPersistency": 0
        },
        {
            "name": "M4_MPHndgrd_Black",
            "pos": [
                5789.68017578125,
                8.873513221740723,
                10374.0
            ],
            "ypr": [
                -180.0,
                90.0,
                -180.0
            ],
            "scale": 1.0,
            "enableCEPersistency": 0
        },
        {
            "name": "M4_MPHndgrd_Green",
            "pos": [
                5789.55322265625,
                8.872300148010254,
                10373.95703125
            ],
            "ypr": [
                -161.82989501953126,
                90.0,
                -180.0
            ],
            "scale": 1.0,
            "enableCEPersistency": 0
        },
        {
            "name": "M4_OEBttstck_Black",
            "pos": [
                5789.8642578125,
                8.480286598205567,
                10374.416015625
            ],
            "ypr": [
                131.15533447265626,
                90.0,
                -180.0
            ],
            "scale": 1.0,
            "enableCEPersistency": 0
        },
        {
            "name": "M4_OEBttstck_Green",
            "pos": [
                5789.79931640625,
                8.543015480041504,
                10374.322265625
            ],
            "ypr": [
                -80.99995422363281,
                0.0,
                -0.0
            ],
            "scale": 0.9999999403953552,
            "enableCEPersistency": 0
        },
        {
            "name": "M4_MPBttstck_Black",
            "pos": [
                5789.7626953125,
                8.546879768371582,
                10374.1767578125
            ],
            "ypr": [
                17.999984741210939,
                0.0,
                -0.0
            ],
            "scale": 1.0,
            "enableCEPersistency": 0
        },
        {
            "name": "M4_MPBttstck_Green",
            "pos": [
                5789.73779296875,
                8.54536247253418,
                10374.095703125
            ],
            "ypr": [
                17.999984741210939,
                0.0,
                -0.0
            ],
            "scale": 1.0,
            "enableCEPersistency": 0
        },
        {
            "name": "M4_CQBBttstck_Black",
            "pos": [
                5789.6376953125,
                8.491488456726075,
                10374.0185546875
            ],
            "ypr": [
                107.99998474121094,
                90.0,
                -180.0
            ],
            "scale": 0.9999998807907105,
            "enableCEPersistency": 0
        },
        {
            "name": "M4_CQBBttstck_Green",
            "pos": [
                5789.59765625,
                8.472745895385743,
                10373.884765625
            ],
            "ypr": [
                107.9999008178711,
                90.0,
                -180.0
            ],
            "scale": 1.0,
            "enableCEPersistency": 0
        },
        {
            "name": "ACOGOptic_6x",
            "pos": [
                5789.71875,
                9.222211837768555,
                10374.169921875
            ],
            "ypr": [
                -158.4049835205078,
                0.0,
                -90.0
            ],
            "scale": 1.0,
            "enableCEPersistency": 0
        },
        {
            "name": "ACOGOptic_6x",
            "pos": [
                5789.67041015625,
                9.22303581237793,
                10374.0234375
            ],
            "ypr": [
                -158.44398498535157,
                0.0,
                -90.0
            ],
            "scale": 0.9999998807907105,
            "enableCEPersistency": 0
        },
        {
            "name": "Battery9V",
            "pos": [
                5789.5595703125,
                9.22571086883545,
                10374.0009765625
            ],
            "ypr": [
                27.662246704101564,
                0.0,
                -0.0
            ],
            "scale": 0.9999998807907105,
            "enableCEPersistency": 0
        },
        {
            "name": "Battery9V",
            "pos": [
                5789.5849609375,
                9.22571086883545,
                10373.9365234375
            ],
            "ypr": [
                27.66224479675293,
                0.0,
                -0.0
            ],
            "scale": 0.9999998807907105,
            "enableCEPersistency": 0
        },
        {
            "name": "Mag_STANAG_60Rnd",
            "pos": [
                5789.7001953125,
                8.946512222290039,
                10376.099609375
            ],
            "ypr": [
                -180.0,
                90.0,
                -180.0
            ],
            "scale": 1.0,
            "enableCEPersistency": 0
        },
        {
            "name": "Mag_STANAG_60Rnd",
            "pos": [
                5789.74169921875,
                8.946512222290039,
                10375.9033203125
            ],
            "ypr": [
                -78.1500244140625,
                90.0,
                -0.000005008955668017734
            ],
            "scale": 0.9999998807907105,
            "enableCEPersistency": 0
        },
        {
            "name": "Mag_STANAG_60Rnd",
            "pos": [
                5789.63330078125,
                8.946512222290039,
                10375.78515625
            ],
            "ypr": [
                90.51507568359375,
                90.0,
                179.99998474121095
            ],
            "scale": 0.9999996423721314,
            "enableCEPersistency": 0
        },
        {
            "name": "Mag_STANAG_60Rnd",
            "pos": [
                5790.00244140625,
                8.946512222290039,
                10376.095703125
            ],
            "ypr": [
                -45.06678009033203,
                89.9515380859375,
                -0.00002231179860245902
            ],
            "scale": 0.9999994039535523,
            "enableCEPersistency": 0
        },
        {
            "name": "WeaponCleaningKit",
            "pos": [
                5789.8115234375,
                8.967087745666504,
                10375.296875
            ],
            "ypr": [
                -178.6059112548828,
                90.0,
                -180.0
            ],
            "scale": 0.9999998807907105,
            "enableCEPersistency": 0
        },
        {
            "name": "WeaponCleaningKit",
            "pos": [
                5789.98095703125,
                8.967087745666504,
                10375.6357421875
            ],
            "ypr": [
                41.4839973449707,
                89.98020935058594,
                -0.000005008955668017734
            ],
            "scale": 0.9999998211860657,
            "enableCEPersistency": 0
        },
        {
            "name": "WeaponCleaningKit",
            "pos": [
                5789.86962890625,
                9.016063690185547,
                10375.513671875
            ],
            "ypr": [
                89.99602508544922,
                89.92867279052735,
                62.82538604736328
            ],
            "scale": 0.9999995827674866,
            "enableCEPersistency": 0
        },
        {
            "name": "Deagle",
            "pos": [
                5789.6708984375,
                8.938420295715332,
                10375.5888671875
            ],
            "ypr": [
                -158.6012420654297,
                90.0,
                -180.0
            ],
            "scale": 1.0,
            "enableCEPersistency": 0
        },
        {
            "name": "Mag_Deagle_9rnd",
            "pos": [
                5789.57177734375,
                8.938824653625489,
                10375.455078125
            ],
            "ypr": [
                -64.45393371582031,
                -90.0,
                -180.0
            ],
            "scale": 0.9999999403953552,
            "enableCEPersistency": 0
        },
        {
            "name": "Mag_Deagle_9rnd",
            "pos": [
                5789.419921875,
                8.938824653625489,
                10375.5009765625
            ],
            "ypr": [
                119.38148498535156,
                -89.98020935058594,
                -0.000005008955668017734
            ],
            "scale": 0.9999998807907105,
            "enableCEPersistency": 0
        },
        {
            "name": "Mag_Deagle_9rnd",
            "pos": [
                5789.53466796875,
                8.938824653625489,
                10375.3623046875
            ],
            "ypr": [
                115.54605865478516,
                -89.98020935058594,
                -0.000005008955668017734
            ],
            "scale": 0.9999999403953552,
            "enableCEPersistency": 0
        },
        {
            "name": "Mag_Deagle_9rnd",
            "pos": [
                5789.3828125,
                8.938824653625489,
                10375.408203125
            ],
            "ypr": [
                119.3814926147461,
                -89.97201538085938,
                -0.000005008955213270383
            ],
            "scale": 0.9999999403953552,
            "enableCEPersistency": 0
        },
        {
            "name": "AmmoBox_556x45Tracer_20Rnd",
            "pos": [
                5787.02978515625,
                9.061380386352539,
                10375.599609375
            ],
            "ypr": [
                17.59181022644043,
                89.96572875976563,
                -180.0
            ],
            "scale": 0.9999998807907105,
            "enableCEPersistency": 0
        },
        {
            "name": "AmmoBox_556x45Tracer_20Rnd",
            "pos": [
                5786.99609375,
                9.061380386352539,
                10375.5078125
            ],
            "ypr": [
                8.913886070251465,
                89.95575714111328,
                179.99998474121095
            ],
            "scale": 0.9999995231628418,
            "enableCEPersistency": 0
        },
        {
            "name": "AmmoBox_556x45Tracer_20Rnd",
            "pos": [
                5786.93017578125,
                9.061380386352539,
                10375.5166015625
            ],
            "ypr": [
                16.027647018432618,
                89.93437957763672,
                179.99996948242188
            ],
            "scale": 0.9999995231628418,
            "enableCEPersistency": 0
        },
        {
            "name": "AmmoBox_556x45Tracer_20Rnd",
            "pos": [
                5786.97314453125,
                9.061380386352539,
                10375.607421875
            ],
            "ypr": [
                16.02764892578125,
                89.91376495361328,
                179.9999542236328
            ],
            "scale": 0.9999994039535523,
            "enableCEPersistency": 0
        },
        {
            "name": "AmmoBox_556x45Tracer_20Rnd",
            "pos": [
                5787.02978515625,
                9.075918197631836,
                10375.599609375
            ],
            "ypr": [
                -16.477109909057618,
                89.95575714111328,
                179.99998474121095
            ],
            "scale": 0.9999997615814209,
            "enableCEPersistency": 0
        },
        {
            "name": "AmmoBox_556x45Tracer_20Rnd",
            "pos": [
                5787.08349609375,
                9.061380386352539,
                10375.7490234375
            ],
            "ypr": [
                -29.95221519470215,
                89.89163970947266,
                179.99993896484376
            ],
            "scale": 0.9999992847442627,
            "enableCEPersistency": 0
        },
        {
            "name": "AmmoBox_556x45Tracer_20Rnd",
            "pos": [
                5786.89404296875,
                9.061380386352539,
                10375.708984375
            ],
            "ypr": [
                50.54834747314453,
                89.89163970947266,
                179.99993896484376
            ],
            "scale": 0.9999992847442627,
            "enableCEPersistency": 0
        },
        {
            "name": "AmmoBox_556x45Tracer_20Rnd",
            "pos": [
                5786.80224609375,
                9.061380386352539,
                10375.2529296875
            ],
            "ypr": [
                -19.925453186035158,
                89.89163970947266,
                179.99993896484376
            ],
            "scale": 0.9999993443489075,
            "enableCEPersistency": 0
        },
        {
            "name": "AmmoBox_556x45Tracer_20Rnd",
            "pos": [
                5786.80224609375,
                9.076394081115723,
                10375.2529296875
            ],
            "ypr": [
                -31.957565307617189,
                89.87332153320313,
                179.9999237060547
            ],
            "scale": 0.9999992847442627,
            "enableCEPersistency": 0
        },
        {
            "name": "AmmoBox_556x45Tracer_20Rnd",
            "pos": [
                5786.90625,
                9.061380386352539,
                10375.115234375
            ],
            "ypr": [
                75.75849151611328,
                89.87332153320313,
                179.9999237060547
            ],
            "scale": 0.9999992847442627,
            "enableCEPersistency": 0
        },
        {
            "name": "AmmoBox_556x45Tracer_20Rnd",
            "pos": [
                5786.90625,
                9.076394081115723,
                10375.115234375
            ],
            "ypr": [
                143.3675079345703,
                89.8559799194336,
                179.99990844726563
            ],
            "scale": 0.9999992847442627,
            "enableCEPersistency": 0
        },
        {
            "name": "AmmoBox_556x45Tracer_20Rnd",
            "pos": [
                5786.90625,
                9.092883110046387,
                10375.115234375
            ],
            "ypr": [
                75.75849151611328,
                89.85871887207031,
                179.99990844726563
            ],
            "scale": 0.9999992847442627,
            "enableCEPersistency": 0
        },
        {
            "name": "AmmoBox_556x45Tracer_20Rnd",
            "pos": [
                5786.90625,
                9.10789680480957,
                10375.115234375
            ],
            "ypr": [
                -156.32867431640626,
                89.84050750732422,
                179.99989318847657
            ],
            "scale": 0.9999992847442627,
            "enableCEPersistency": 0
        },
        {
            "name": "AmmoBox_357_20Rnd",
            "pos": [
                5787.58154296875,
                9.080029487609864,
                10376.6279296875
            ],
            "ypr": [
                -77.25556182861328,
                90.0,
                -180.0
            ],
            "scale": 1.0000001192092896,
            "enableCEPersistency": 0
        },
        {
            "name": "AmmoBox_357_20Rnd",
            "pos": [
                5787.59326171875,
                9.080029487609864,
                10376.6904296875
            ],
            "ypr": [
                31.842514038085939,
                90.0,
                -0.000005008955213270383
            ],
            "scale": 1.0,
            "enableCEPersistency": 0
        },
        {
            "name": "AmmoBox_357_20Rnd",
            "pos": [
                5787.57470703125,
                9.129767417907715,
                10376.666015625
            ],
            "ypr": [
                -148.157470703125,
                90.0,
                179.99998474121095
            ],
            "scale": 0.9999999403953552,
            "enableCEPersistency": 0
        },
        {
            "name": "AmmoBox_357_20Rnd",
            "pos": [
                5787.4658203125,
                9.080029487609864,
                10376.4306640625
            ],
            "ypr": [
                -159.79232788085938,
                90.0,
                179.99998474121095
            ],
            "scale": 1.0,
            "enableCEPersistency": 0
        }
    ]
}