{
    "Objects": [
        {
            "name": "TetracyclineAntibiotics",
            "pos": [
                13732.7490234375,
                2.7859463691711427,
                11735.6904296875
            ],
            "ypr": [
                93.03427124023438,
                90.0,
                179.99998474121095
            ],
            "scale": 1.0000004768371583,
            "enableCEPersistency": 0
        },
        {
            "name": "VitaminBottle",
            "pos": [
                13732.931640625,
                2.816992998123169,
                11735.96875
            ],
            "ypr": [
                -180.0,
                90.0,
                -180.0
            ],
            "scale": 1.0,
            "enableCEPersistency": 0
        },
        {
            "name": "StaticObj_Slum_Roof3",
            "pos": [
                13438.0693359375,
                26.969778060913087,
                11700.2607421875
            ],
            "ypr": [
                -71.99989318847656,
                0.0,
                1.9999998807907105
            ],
            "scale": 0.9999999403953552,
            "enableCEPersistency": 0
        },
        {
            "name": "StaticObj_Slum_Roof5",
            "pos": [
                13443.3271484375,
                27.306407928466798,
                11697.3583984375
            ],
            "ypr": [
                18.0,
                -2.3499999046325685,
                -0.0
            ],
            "scale": 1.0000001192092896,
            "enableCEPersistency": 0
        },
        {
            "name": "StaticObj_Slum_Roof5",
            "pos": [
                13440.6396484375,
                27.63840675354004,
                11689.060546875
            ],
            "ypr": [
                -162.15513610839845,
                2.0000007152557375,
                -0.0
            ],
            "scale": 1.0000008344650269,
            "enableCEPersistency": 0
        },
        {
            "name": "StaticObj_Slum_Roof5",
            "pos": [
                13447.263671875,
                27.63840675354004,
                11686.9033203125
            ],
            "ypr": [
                -162.15513610839845,
                2.000001907348633,
                -0.0
            ],
            "scale": 1.0000008344650269,
            "enableCEPersistency": 0
        },
        {
            "name": "StaticObj_Slum_Roof5",
            "pos": [
                13449.951171875,
                27.306407928466798,
                11695.201171875
            ],
            "ypr": [
                18.0,
                -2.3499999046325685,
                -0.0
            ],
            "scale": 1.0000001192092896,
            "enableCEPersistency": 0
        },
        {
            "name": "StaticObj_Wall_CncBarrier_4Block",
            "pos": [
                13444.4072265625,
                25.716815948486329,
                11700.9404296875
            ],
            "ypr": [
                18.388641357421876,
                0.0,
                -0.0
            ],
            "scale": 0.9999997019767761,
            "enableCEPersistency": 0
        },
        {
            "name": "StaticObj_Wall_CncBarrier_Block",
            "pos": [
                13439.955078125,
                25.718372344970704,
                11702.6669921875
            ],
            "ypr": [
                20.7102108001709,
                0.0,
                -0.0
            ],
            "scale": 1.0,
            "enableCEPersistency": 0
        },
        {
            "name": "StaticObj_Wall_CncBarrier_Block",
            "pos": [
                13438.208984375,
                25.718372344970704,
                11703.3349609375
            ],
            "ypr": [
                17.91815948486328,
                0.0,
                -0.0
            ],
            "scale": 1.0000003576278687,
            "enableCEPersistency": 0
        },
        {
            "name": "StaticObj_Wall_CncBarrier_4Block",
            "pos": [
                13436.560546875,
                25.849138259887697,
                11699.4228515625
            ],
            "ypr": [
                -73.09429931640625,
                0.0,
                2.299999952316284
            ],
            "scale": 1.0,
            "enableCEPersistency": 0
        },
        {
            "name": "StaticObj_Wall_CncBarrier_4Block",
            "pos": [
                13451.6005859375,
                25.716815948486329,
                11698.689453125
            ],
            "ypr": [
                18.388639450073243,
                0.0,
                -0.0
            ],
            "scale": 0.9999997019767761,
            "enableCEPersistency": 0
        },
        {
            "name": "StaticObj_Mil_HBarrier_6m",
            "pos": [
                13452.8154296875,
                25.48374366760254,
                11694.595703125
            ],
            "ypr": [
                -70.1283950805664,
                0.0,
                2.299999952316284
            ],
            "scale": 0.9999998211860657,
            "enableCEPersistency": 0
        },
        {
            "name": "StaticObj_Mil_HBarrier_6m",
            "pos": [
                13450.330078125,
                25.783689498901368,
                11687.271484375
            ],
            "ypr": [
                -70.1283950805664,
                0.0,
                2.299999952316284
            ],
            "scale": 0.9999998211860657,
            "enableCEPersistency": 0
        },
        {
            "name": "Land_Misc_FireBarrel_Red",
            "pos": [
                13444.7890625,
                26.195796966552736,
                11694.4833984375
            ],
            "ypr": [
                0.0,
                -2.299999952316284,
                0.0
            ],
            "scale": 1.0,
            "enableCEPersistency": 0
        },
        {
            "name": "StaticObj_Furniture_shelfs_small",
            "pos": [
                13446.6943359375,
                24.77560043334961,
                11698.7451171875
            ],
            "ypr": [
                -71.99989318847656,
                0.0,
                2.299999952316284
            ],
            "scale": 1.0,
            "enableCEPersistency": 0
        },
        {
            "name": "Firewood",
            "pos": [
                13447.01953125,
                25.150800704956056,
                11698.65234375
            ],
            "ypr": [
                0.15656059980392457,
                -2.2999913692474367,
                0.9814052581787109
            ],
            "scale": 1.0,
            "enableCEPersistency": 0
        },
        {
            "name": "Firewood",
            "pos": [
                13446.919921875,
                25.149782180786134,
                11698.677734375
            ],
            "ypr": [
                0.15656059980392457,
                -2.2999913692474367,
                0.9814052581787109
            ],
            "scale": 1.0,
            "enableCEPersistency": 0
        },
        {
            "name": "Firewood",
            "pos": [
                13446.8203125,
                25.148881912231447,
                11698.7001953125
            ],
            "ypr": [
                0.15656059980392457,
                -2.2999913692474367,
                0.9814052581787109
            ],
            "scale": 1.0,
            "enableCEPersistency": 0
        },
        {
            "name": "Firewood",
            "pos": [
                13446.712890625,
                25.148332595825197,
                11698.7138671875
            ],
            "ypr": [
                0.15656059980392457,
                -2.2999913692474367,
                0.9814052581787109
            ],
            "scale": 1.0,
            "enableCEPersistency": 0
        },
        {
            "name": "Firewood",
            "pos": [
                13446.6044921875,
                25.14750862121582,
                11698.734375
            ],
            "ypr": [
                0.15656059980392457,
                -2.2999913692474367,
                0.9814052581787109
            ],
            "scale": 1.0,
            "enableCEPersistency": 0
        },
        {
            "name": "Firewood",
            "pos": [
                13446.509765625,
                25.145862579345704,
                11698.775390625
            ],
            "ypr": [
                0.15656059980392457,
                -2.2999913692474367,
                0.9814052581787109
            ],
            "scale": 1.0,
            "enableCEPersistency": 0
        },
        {
            "name": "Firewood",
            "pos": [
                13446.419921875,
                25.144412994384767,
                11698.8115234375
            ],
            "ypr": [
                0.15656059980392457,
                -2.2999913692474367,
                0.9814052581787109
            ],
            "scale": 1.0,
            "enableCEPersistency": 0
        },
        {
            "name": "Firewood",
            "pos": [
                13446.3330078125,
                25.142885208129884,
                11698.849609375
            ],
            "ypr": [
                0.15656059980392457,
                -2.2999913692474367,
                0.9814052581787109
            ],
            "scale": 1.0,
            "enableCEPersistency": 0
        },
        {
            "name": "Firewood",
            "pos": [
                13446.9697265625,
                25.22087287902832,
                11698.6748046875
            ],
            "ypr": [
                0.15656059980392457,
                -2.2999913692474367,
                0.9814052581787109
            ],
            "scale": 1.0,
            "enableCEPersistency": 0
        },
        {
            "name": "Firewood",
            "pos": [
                13446.8701171875,
                25.2198543548584,
                11698.7001953125
            ],
            "ypr": [
                0.15656059980392457,
                -2.2999913692474367,
                0.9814052581787109
            ],
            "scale": 1.0,
            "enableCEPersistency": 0
        },
        {
            "name": "Firewood",
            "pos": [
                13446.7705078125,
                25.21895408630371,
                11698.72265625
            ],
            "ypr": [
                0.15656059980392457,
                -2.2999913692474367,
                0.9814052581787109
            ],
            "scale": 1.0,
            "enableCEPersistency": 0
        },
        {
            "name": "Firewood",
            "pos": [
                13446.6630859375,
                25.21840476989746,
                11698.736328125
            ],
            "ypr": [
                0.15656059980392457,
                -2.2999913692474367,
                0.9814052581787109
            ],
            "scale": 1.0,
            "enableCEPersistency": 0
        },
        {
            "name": "Firewood",
            "pos": [
                13446.5546875,
                25.217580795288087,
                11698.7568359375
            ],
            "ypr": [
                0.15656059980392457,
                -2.2999913692474367,
                0.9814052581787109
            ],
            "scale": 1.0,
            "enableCEPersistency": 0
        },
        {
            "name": "Firewood",
            "pos": [
                13446.4599609375,
                25.21593475341797,
                11698.7978515625
            ],
            "ypr": [
                0.15656059980392457,
                -2.2999913692474367,
                0.9814052581787109
            ],
            "scale": 1.0,
            "enableCEPersistency": 0
        },
        {
            "name": "Firewood",
            "pos": [
                13446.3701171875,
                25.21448516845703,
                11698.8330078125
            ],
            "ypr": [
                0.15656059980392457,
                -2.2999913692474367,
                0.9814052581787109
            ],
            "scale": 1.0,
            "enableCEPersistency": 0
        },
        {
            "name": "WoodenStick",
            "pos": [
                13446.4130859375,
                25.4112606048584,
                11698.857421875
            ],
            "ypr": [
                18.0,
                -2.299999952316284,
                -0.0
            ],
            "scale": 0.9999999403953552,
            "enableCEPersistency": 0
        },
        {
            "name": "WoodenStick",
            "pos": [
                13446.6044921875,
                25.4112606048584,
                11698.8369140625
            ],
            "ypr": [
                1.6597583293914796,
                -2.3000237941741945,
                0.000012122679436288309
            ],
            "scale": 0.9999998211860657,
            "enableCEPersistency": 0
        },
        {
            "name": "WoodenStick",
            "pos": [
                13446.7919921875,
                25.4112606048584,
                11698.7607421875
            ],
            "ypr": [
                32.42591857910156,
                -2.3000001907348635,
                -0.000005874464932276169
            ],
            "scale": 0.9999975562095642,
            "enableCEPersistency": 0
        },
        {
            "name": "WoodenStick",
            "pos": [
                13446.8701171875,
                25.4112606048584,
                11698.728515625
            ],
            "ypr": [
                31.515689849853517,
                -2.300018787384033,
                -0.000006088000645831926
            ],
            "scale": 1.0000022649765015,
            "enableCEPersistency": 0
        },
        {
            "name": "Paper",
            "pos": [
                13446.458984375,
                25.740758895874025,
                11698.927734375
            ],
            "ypr": [
                -180.0,
                -87.69998168945313,
                -180.0
            ],
            "scale": 1.0,
            "enableCEPersistency": 0
        },
        {
            "name": "Paper",
            "pos": [
                13446.689453125,
                25.740758895874025,
                11698.7890625
            ],
            "ypr": [
                -145.95208740234376,
                -87.69998168945313,
                179.99998474121095
            ],
            "scale": 1.0000001192092896,
            "enableCEPersistency": 0
        },
        {
            "name": "Matchbox",
            "pos": [
                13447.041015625,
                25.754024505615236,
                11698.6904296875
            ],
            "ypr": [
                0.0,
                87.69998168945313,
                0.0
            ],
            "scale": 1.0,
            "enableCEPersistency": 0
        },
        {
            "name": "StaticObj_Furniture_shelfs_small",
            "pos": [
                13448.1552734375,
                24.78293800354004,
                11698.4580078125
            ],
            "ypr": [
                -71.99989318847656,
                0.0,
                2.299999952316284
            ],
            "scale": 1.0,
            "enableCEPersistency": 0
        },
        {
            "name": "Binoculars",
            "pos": [
                13448.3251953125,
                25.896562576293947,
                11698.34375
            ],
            "ypr": [
                0.0,
                0.0,
                -0.0
            ],
            "scale": 1.0,
            "enableCEPersistency": 0
        },
        {
            "name": "Winchester70_Green",
            "pos": [
                13452.7294921875,
                25.18431854248047,
                11696.9716796875
            ],
            "ypr": [
                107.99999237060547,
                -9.999999046325684,
                90.0
            ],
            "scale": 0.9999998211860657,
            "enableCEPersistency": 0
        },
        {
            "name": "HuntingOptic",
            "pos": [
                13452.8515625,
                26.29488182067871,
                11696.880859375
            ],
            "ypr": [
                0.0,
                0.0,
                -0.0
            ],
            "scale": 1.0,
            "enableCEPersistency": 0
        },
        {
            "name": "AmmoBox_308WinTracer_20Rnd",
            "pos": [
                13447.939453125,
                25.750015258789064,
                11698.6005859375
            ],
            "ypr": [
                -58.752689361572269,
                90.0,
                -180.0
            ],
            "scale": 1.0000008344650269,
            "enableCEPersistency": 0
        },
        {
            "name": "AmmoBox_308WinTracer_20Rnd",
            "pos": [
                13447.939453125,
                25.773029327392579,
                11698.6005859375
            ],
            "ypr": [
                131.9812774658203,
                90.0,
                -0.000005008955668017734
            ],
            "scale": 1.0000008344650269,
            "enableCEPersistency": 0
        },
        {
            "name": "AmmoBox_308WinTracer_20Rnd",
            "pos": [
                13447.939453125,
                25.795791625976564,
                11698.6005859375
            ],
            "ypr": [
                -101.27839660644531,
                90.0,
                179.99998474121095
            ],
            "scale": 1.0000011920928956,
            "enableCEPersistency": 0
        },
        {
            "name": "DuffelBagSmall_Camo",
            "pos": [
                13448.6201171875,
                25.62223243713379,
                11698.232421875
            ],
            "ypr": [
                21.783998489379884,
                12.000000953674317,
                60.0
            ],
            "scale": 1.0000001192092896,
            "enableCEPersistency": 0
        },
        {
            "name": "WorkingGloves_Yellow",
            "pos": [
                13447.90234375,
                25.405820846557618,
                11698.45703125
            ],
            "ypr": [
                0.0,
                0.0,
                -0.0
            ],
            "scale": 1.0,
            "enableCEPersistency": 0
        },
        {
            "name": "AirborneMask",
            "pos": [
                13746.5537109375,
                3.622187852859497,
                11732.4248046875
            ],
            "ypr": [
                0.0,
                9.0,
                0.0
            ],
            "scale": 1.0,
            "enableCEPersistency": 0
        },
        {
            "name": "Land_Misc_Well_Pump_Yellow",
            "pos": [
                13748.3203125,
                2.9805591106414797,
                11736.3232421875
            ],
            "ypr": [
                -156.14569091796876,
                0.0,
                -0.0
            ],
            "scale": 1.0,
            "enableCEPersistency": 0
        },
        {
            "name": "AirborneMask",
            "pos": [
                13746.41796875,
                3.622187852859497,
                11732.1328125
            ],
            "ypr": [
                -44.91862487792969,
                9.0,
                -0.0
            ],
            "scale": 1.0000001192092896,
            "enableCEPersistency": 0
        },
        {
            "name": "GasMask_Filter",
            "pos": [
                13746.3095703125,
                3.630298614501953,
                11731.7197265625
            ],
            "ypr": [
                0.0,
                -0.0,
                -0.0
            ],
            "scale": 1.0,
            "enableCEPersistency": 0
        },
        {
            "name": "GasMask_Filter",
            "pos": [
                13746.1943359375,
                3.630298614501953,
                11731.6533203125
            ],
            "ypr": [
                0.0,
                0.0,
                -0.0
            ],
            "scale": 1.0,
            "enableCEPersistency": 0
        },
        {
            "name": "GasMask_Filter",
            "pos": [
                13746.2470703125,
                3.630298614501953,
                11731.4716796875
            ],
            "ypr": [
                0.0,
                0.0,
                -0.0
            ],
            "scale": 1.0,
            "enableCEPersistency": 0
        },
        {
            "name": "GasMask_Filter",
            "pos": [
                13746.095703125,
                3.630298614501953,
                11731.53125
            ],
            "ypr": [
                0.0,
                0.0,
                -0.0
            ],
            "scale": 1.0,
            "enableCEPersistency": 0
        },
        {
            "name": "PersonalRadio",
            "pos": [
                13746.3388671875,
                3.9989075660705568,
                11731.7783203125
            ],
            "ypr": [
                -44.99999237060547,
                0.0,
                0.0
            ],
            "scale": 0.9999999403953552,
            "enableCEPersistency": 0
        },
        {
            "name": "PersonalRadio",
            "pos": [
                13746.216796875,
                3.9989075660705568,
                11731.8212890625
            ],
            "ypr": [
                -44.99999237060547,
                0.0,
                -0.0
            ],
            "scale": 0.9999999403953552,
            "enableCEPersistency": 0
        },
        {
            "name": "PersonalRadio",
            "pos": [
                13746.3095703125,
                3.9989075660705568,
                11731.6943359375
            ],
            "ypr": [
                -44.99999237060547,
                0.0,
                -0.0
            ],
            "scale": 0.9999999403953552,
            "enableCEPersistency": 0
        },
        {
            "name": "PersonalRadio",
            "pos": [
                13746.1875,
                3.9989075660705568,
                11731.7373046875
            ],
            "ypr": [
                -44.99999237060547,
                0.0,
                -0.0
            ],
            "scale": 0.9999999403953552,
            "enableCEPersistency": 0
        },
        {
            "name": "Battery9V",
            "pos": [
                13746.1484375,
                4.010298728942871,
                11731.482421875
            ],
            "ypr": [
                -29.740636825561525,
                0.0,
                -0.0
            ],
            "scale": 1.0000003576278687,
            "enableCEPersistency": 0
        },
        {
            "name": "Battery9V",
            "pos": [
                13746.15234375,
                4.010298728942871,
                11731.5185546875
            ],
            "ypr": [
                -66.31820678710938,
                0.0,
                -0.0
            ],
            "scale": 1.0000001192092896,
            "enableCEPersistency": 0
        },
        {
            "name": "Battery9V",
            "pos": [
                13746.0634765625,
                4.010298728942871,
                11731.5390625
            ],
            "ypr": [
                -66.31820678710938,
                0.0,
                -0.0
            ],
            "scale": 1.0,
            "enableCEPersistency": 0
        },
        {
            "name": "LeatherSewingKit",
            "pos": [
                13745.5869140625,
                3.244448184967041,
                11729.95703125
            ],
            "ypr": [
                99.00009155273438,
                90.0,
                -180.0
            ],
            "scale": 1.0,
            "enableCEPersistency": 0
        },
        {
            "name": "SewingKit",
            "pos": [
                13745.5703125,
                3.6416420936584474,
                11730.029296875
            ],
            "ypr": [
                -141.98667907714845,
                90.0,
                -180.0
            ],
            "scale": 1.0000001192092896,
            "enableCEPersistency": 0
        },
        {
            "name": "FireExtinguisher",
            "pos": [
                13741.7412109375,
                3.6970033645629885,
                11737.8671875
            ],
            "ypr": [
                0.0,
                0.0,
                -0.0
            ],
            "scale": 1.0,
            "enableCEPersistency": 0
        },
        {
            "name": "FireExtinguisher",
            "pos": [
                13742.3193359375,
                3.693563461303711,
                11738.876953125
            ],
            "ypr": [
                -180.0,
                90.0,
                -180.0
            ],
            "scale": 1.0,
            "enableCEPersistency": 0
        },
        {
            "name": "StaticObj_Decon_PressureHose_01_Roll_F",
            "pos": [
                13741.4892578125,
                2.935743570327759,
                11737.091796875
            ],
            "ypr": [
                0.0,
                0.0,
                -0.0
            ],
            "scale": 1.0,
            "enableCEPersistency": 0
        },
        {
            "name": "StaticObj_Decon_LayFlatHose_01_Roll_F",
            "pos": [
                13741.427734375,
                3.4610097408294679,
                11736.978515625
            ],
            "ypr": [
                0.0,
                0.0,
                -0.0
            ],
            "scale": 1.0,
            "enableCEPersistency": 0
        },
        {
            "name": "TTSKOBoots",
            "pos": [
                13740.982421875,
                7.846895217895508,
                11734.025390625
            ],
            "ypr": [
                -89.99995422363281,
                0.0,
                0.0
            ],
            "scale": 1.0,
            "enableCEPersistency": 0
        },
        {
            "name": "TTSKOBoots",
            "pos": [
                13741.0869140625,
                7.846895217895508,
                11734.2763671875
            ],
            "ypr": [
                -83.46746063232422,
                0.7722264528274536,
                0.08842552453279495
            ],
            "scale": 1.0,
            "enableCEPersistency": 0
        },
        {
            "name": "TTSKOBoots",
            "pos": [
                13741.2021484375,
                7.846895217895508,
                11734.59375
            ],
            "ypr": [
                -89.69586181640625,
                0.7722264528274536,
                0.08842551708221436
            ],
            "scale": 1.0,
            "enableCEPersistency": 0
        },
        {
            "name": "TTSKOBoots",
            "pos": [
                13741.5224609375,
                7.846895217895508,
                11735.3984375
            ],
            "ypr": [
                -83.46745300292969,
                0.7722264528274536,
                0.08842551708221436
            ],
            "scale": 1.0000001192092896,
            "enableCEPersistency": 0
        },
        {
            "name": "TTSKOBoots",
            "pos": [
                13741.6376953125,
                7.846895217895508,
                11735.7158203125
            ],
            "ypr": [
                -89.69584655761719,
                0.7722264528274536,
                0.08842550963163376
            ],
            "scale": 1.0000001192092896,
            "enableCEPersistency": 0
        },
        {
            "name": "TTSKOBoots",
            "pos": [
                13741.41796875,
                7.846895217895508,
                11735.1474609375
            ],
            "ypr": [
                -89.99995422363281,
                0.0,
                -0.0
            ],
            "scale": 1.0,
            "enableCEPersistency": 0
        },
        {
            "name": "FirefightersPants_Beige",
            "pos": [
                13741.306640625,
                8.346895217895508,
                11735.369140625
            ],
            "ypr": [
                13.058531761169434,
                0.0,
                -0.0
            ],
            "scale": 1.0,
            "enableCEPersistency": 0
        },
        {
            "name": "FirefightersPants_Beige",
            "pos": [
                13741.5146484375,
                8.346895217895508,
                11735.8583984375
            ],
            "ypr": [
                16.7598819732666,
                0.0,
                -0.0
            ],
            "scale": 1.0000001192092896,
            "enableCEPersistency": 0
        },
        {
            "name": "FirefightersPants_Beige",
            "pos": [
                13741.5146484375,
                8.418196678161621,
                11735.8583984375
            ],
            "ypr": [
                5.000366687774658,
                0.0,
                -0.0
            ],
            "scale": 1.0000004768371583,
            "enableCEPersistency": 0
        },
        {
            "name": "FirefightersPants_Beige",
            "pos": [
                13741.37109375,
                8.418196678161621,
                11735.3662109375
            ],
            "ypr": [
                28.792879104614259,
                0.0,
                -0.0
            ],
            "scale": 1.0000001192092896,
            "enableCEPersistency": 0
        },
        {
            "name": "FirefightersPants_Black",
            "pos": [
                13741.1142578125,
                8.346895217895508,
                11734.8017578125
            ],
            "ypr": [
                0.0,
                -0.0,
                -0.0
            ],
            "scale": 1.0,
            "enableCEPersistency": 0
        },
        {
            "name": "FirefightersPants_Black",
            "pos": [
                13741.1767578125,
                8.413249969482422,
                11734.775390625
            ],
            "ypr": [
                13.468749046325684,
                0.0,
                -0.0
            ],
            "scale": 1.0,
            "enableCEPersistency": 0
        },
        {
            "name": "FirefightersPants_Black",
            "pos": [
                13740.8994140625,
                8.346895217895508,
                11734.314453125
            ],
            "ypr": [
                0.0,
                0.0,
                -0.0
            ],
            "scale": 1.0,
            "enableCEPersistency": 0
        },
        {
            "name": "FirefightersPants_Black",
            "pos": [
                13740.9619140625,
                8.413249969482422,
                11734.2880859375
            ],
            "ypr": [
                13.468748092651368,
                0.0,
                -0.0
            ],
            "scale": 1.0,
            "enableCEPersistency": 0
        },
        {
            "name": "FirefighterJacket_Beige",
            "pos": [
                13741.541015625,
                8.846895217895508,
                11735.701171875
            ],
            "ypr": [
                116.99998474121094,
                -90.0,
                -180.0
            ],
            "scale": 0.9999999403953552,
            "enableCEPersistency": 0
        },
        {
            "name": "FirefighterJacket_Beige",
            "pos": [
                13741.369140625,
                8.846895217895508,
                11735.166015625
            ],
            "ypr": [
                -146.41571044921876,
                -89.98020935058594,
                -0.000005008955668017734
            ],
            "scale": 1.0,
            "enableCEPersistency": 0
        },
        {
            "name": "FirefighterJacket_Beige",
            "pos": [
                13741.541015625,
                8.918432235717774,
                11735.701171875
            ],
            "ypr": [
                -63.000022888183597,
                -89.98020935058594,
                -0.000005008955668017734
            ],
            "scale": 0.9999998211860657,
            "enableCEPersistency": 0
        },
        {
            "name": "FirefighterJacket_Beige",
            "pos": [
                13741.369140625,
                8.919038772583008,
                11735.166015625
            ],
            "ypr": [
                -146.4156951904297,
                -89.96043395996094,
                -0.000005008955668017734
            ],
            "scale": 0.9999998211860657,
            "enableCEPersistency": 0
        },
        {
            "name": "FirefighterJacket_Black",
            "pos": [
                13740.916015625,
                8.846895217895508,
                11734.1650390625
            ],
            "ypr": [
                32.68177795410156,
                -90.0,
                -180.0
            ],
            "scale": 1.000000238418579,
            "enableCEPersistency": 0
        },
        {
            "name": "FirefighterJacket_Black",
            "pos": [
                13741.1279296875,
                8.846895217895508,
                11734.6650390625
            ],
            "ypr": [
                -147.31820678710938,
                -90.0,
                -0.000005008955668017734
            ],
            "scale": 1.0000001192092896,
            "enableCEPersistency": 0
        },
        {
            "name": "FirefighterJacket_Black",
            "pos": [
                13740.916015625,
                8.907730102539063,
                11734.1650390625
            ],
            "ypr": [
                -147.31820678710938,
                -90.0,
                -0.000005008955668017734
            ],
            "scale": 1.0000001192092896,
            "enableCEPersistency": 0
        },
        {
            "name": "FirefighterJacket_Black",
            "pos": [
                13741.1279296875,
                8.907730102539063,
                11734.6650390625
            ],
            "ypr": [
                32.68179702758789,
                -90.0,
                179.99998474121095
            ],
            "scale": 1.0000001192092896,
            "enableCEPersistency": 0
        },
        {
            "name": "FirefightersHelmet_Red",
            "pos": [
                13747.5732421875,
                9.009243965148926,
                11736.0341796875
            ],
            "ypr": [
                -69.31948852539063,
                0.0,
                -0.0
            ],
            "scale": 0.9999995827674866,
            "enableCEPersistency": 0
        },
        {
            "name": "FirefightersHelmet_Red",
            "pos": [
                13747.2294921875,
                9.167612075805664,
                11736.125
            ],
            "ypr": [
                -160.0913543701172,
                -0.000005008953394280979,
                -180.0
            ],
            "scale": 0.9999987483024597,
            "enableCEPersistency": 0
        },
        {
            "name": "FirefightersHelmet_White",
            "pos": [
                13746.884765625,
                9.166772842407227,
                11736.2490234375
            ],
            "ypr": [
                140.39259338378907,
                0.000005008955668017734,
                -180.0
            ],
            "scale": 1.0,
            "enableCEPersistency": 0
        },
        {
            "name": "FirefightersHelmet_White",
            "pos": [
                13746.52734375,
                9.166772842407227,
                11736.4013671875
            ],
            "ypr": [
                -135.40464782714845,
                0.000005008955668017734,
                179.99998474121095
            ],
            "scale": 1.0000004768371583,
            "enableCEPersistency": 0
        },
        {
            "name": "FirefightersHelmet_Yellow",
            "pos": [
                13745.71875,
                8.998467445373536,
                11736.7900390625
            ],
            "ypr": [
                -81.00006103515625,
                0.0,
                0.0
            ],
            "scale": 1.0,
            "enableCEPersistency": 0
        },
        {
            "name": "FirefightersHelmet_Yellow",
            "pos": [
                13746.0,
                9.083568572998047,
                11736.56640625
            ],
            "ypr": [
                -161.88099670410157,
                0.0,
                -90.0
            ],
            "scale": 1.0000004768371583,
            "enableCEPersistency": 0
        },
        {
            "name": "FirefightersHelmet_Red",
            "pos": [
                13747.37890625,
                7.989748954772949,
                11736.0693359375
            ],
            "ypr": [
                -104.91734313964844,
                -0.000005008947027818067,
                179.99998474121095
            ],
            "scale": 0.9999988675117493,
            "enableCEPersistency": 0
        },
        {
            "name": "FirefightersHelmet_Yellow",
            "pos": [
                13745.8056640625,
                7.943813800811768,
                11736.640625
            ],
            "ypr": [
                -161.88099670410157,
                0.0,
                -90.0
            ],
            "scale": 1.0000004768371583,
            "enableCEPersistency": 0
        },
        {
            "name": "AliceBag_Black",
            "pos": [
                13736.68359375,
                2.7467525005340578,
                11733.3330078125
            ],
            "ypr": [
                -68.1340560913086,
                0.0,
                -0.0
            ],
            "scale": 1.0,
            "enableCEPersistency": 0
        },
        {
            "name": "FirefighterAxe_Black",
            "pos": [
                13747.37109375,
                3.4447336196899416,
                11729.2734375
            ],
            "ypr": [
                18.0,
                0.0,
                159.99998474121095
            ],
            "scale": 1.0000001192092896,
            "enableCEPersistency": 0
        },
        {
            "name": "BandageDressing",
            "pos": [
                13745.923828125,
                3.8874597549438478,
                11724.103515625
            ],
            "ypr": [
                -163.31201171875,
                -90.0,
                -180.0
            ],
            "scale": 1.000000238418579,
            "enableCEPersistency": 0
        },
        {
            "name": "BandageDressing",
            "pos": [
                13745.88671875,
                3.8874597549438478,
                11724.1201171875
            ],
            "ypr": [
                16.687990188598634,
                -90.0,
                -0.000005008955668017734
            ],
            "scale": 1.0000001192092896,
            "enableCEPersistency": 0
        },
        {
            "name": "BandageDressing",
            "pos": [
                13745.845703125,
                3.8874597549438478,
                11724.1337890625
            ],
            "ypr": [
                -163.31199645996095,
                -90.0,
                179.99998474121095
            ],
            "scale": 1.0000001192092896,
            "enableCEPersistency": 0
        },
        {
            "name": "BandageDressing",
            "pos": [
                13745.908203125,
                3.928683042526245,
                11724.1162109375
            ],
            "ypr": [
                -163.31199645996095,
                -90.0,
                179.99996948242188
            ],
            "scale": 1.0000001192092896,
            "enableCEPersistency": 0
        },
        {
            "name": "BandageDressing",
            "pos": [
                13745.8671875,
                3.928683042526245,
                11724.1298828125
            ],
            "ypr": [
                16.688007354736329,
                -90.0,
                -0.000020489796952460894
            ],
            "scale": 1.0000001192092896,
            "enableCEPersistency": 0
        },
        {
            "name": "BandageDressing",
            "pos": [
                13745.884765625,
                3.9608561992645265,
                11724.1279296875
            ],
            "ypr": [
                -163.31198120117188,
                -90.0,
                179.9999542236328
            ],
            "scale": 1.0000001192092896,
            "enableCEPersistency": 0
        },
        {
            "name": "Defibrillator",
            "pos": [
                13745.306640625,
                3.8665924072265627,
                11724.349609375
            ],
            "ypr": [
                27.0,
                -0.0,
                -0.0
            ],
            "scale": 0.9999999403953552,
            "enableCEPersistency": 0
        },
        {
            "name": "Defibrillator",
            "pos": [
                13745.306640625,
                3.365426540374756,
                11724.349609375
            ],
            "ypr": [
                119.16179656982422,
                0.0,
                -0.0
            ],
            "scale": 0.9999997615814209,
            "enableCEPersistency": 0
        },
        {
            "name": "FirefighterAxe_Green",
            "pos": [
                13736.2529296875,
                3.643993377685547,
                11739.7353515625
            ],
            "ypr": [
                -96.88642120361328,
                0.0,
                90.0
            ],
            "scale": 0.9999997615814209,
            "enableCEPersistency": 0
        },
        {
            "name": "TetracyclineAntibiotics",
            "pos": [
                13733.0849609375,
                2.7859463691711427,
                11735.662109375
            ],
            "ypr": [
                0.0,
                90.0,
                0.0
            ],
            "scale": 1.0,
            "enableCEPersistency": 0
        },
        {
            "name": "TetracyclineAntibiotics",
            "pos": [
                13732.9150390625,
                2.7859463691711427,
                11735.748046875
            ],
            "ypr": [
                -51.618812561035159,
                90.0,
                -0.000005008955668017734
            ],
            "scale": 1.0000001192092896,
            "enableCEPersistency": 0
        }
    ]
}