{
    "Objects": [
        {
            "name": "FirefightersPants_Beige",
            "pos": [
                9576.6357421875,
                2.666126012802124,
                13564.66796875
            ],
            "ypr": [
                -22.991159439086915,
                0.0,
                -0.0
            ],
            "scale": 1.0,
            "enableCEPersistency": 0
        },
        {
            "name": "TTSKOBoots",
            "pos": [
                9576.5859375,
                2.8477413654327394,
                13564.576171875
            ],
            "ypr": [
                71.99994659423828,
                0.0,
                -0.0
            ],
            "scale": 1.0,
            "enableCEPersistency": 0
        },
        {
            "name": "FirefighterAxe_Black",
            "pos": [
                9576.7978515625,
                3.384890079498291,
                13564.7587890625
            ],
            "ypr": [
                131.11900329589845,
                0.0,
                174.99996948242188
            ],
            "scale": 0.9999998211860657,
            "enableCEPersistency": 0
        },
        {
            "name": "FirefighterJacket_Beige",
            "pos": [
                9576.7548828125,
                3.7824947834014894,
                13564.7451171875
            ],
            "ypr": [
                4.681120872497559,
                0.0,
                -90.0
            ],
            "scale": 1.0,
            "enableCEPersistency": 0
        },
        {
            "name": "FirefightersHelmet_Yellow",
            "pos": [
                9576.556640625,
                4.1642584800720219,
                13564.615234375
            ],
            "ypr": [
                -89.99993133544922,
                0.0,
                -0.0
            ],
            "scale": 1.0,
            "enableCEPersistency": 0
        },
        {
            "name": "Defibrillator",
            "pos": [
                9576.5595703125,
                3.037217617034912,
                13574.099609375
            ],
            "ypr": [
                0.0,
                0.0,
                -0.0
            ],
            "scale": 1.0,
            "enableCEPersistency": 0
        },
        {
            "name": "Defibrillator",
            "pos": [
                9576.255859375,
                3.037217617034912,
                13574.0908203125
            ],
            "ypr": [
                -3.578307628631592,
                0.0,
                -0.0
            ],
            "scale": 1.0,
            "enableCEPersistency": 0
        },
        {
            "name": "Defibrillator",
            "pos": [
                9576.361328125,
                3.4129018783569338,
                13574.078125
            ],
            "ypr": [
                -3.578307628631592,
                0.0,
                -0.0
            ],
            "scale": 1.0,
            "enableCEPersistency": 0
        },
        {
            "name": "FireExtinguisher",
            "pos": [
                9570.5830078125,
                3.4607670307159426,
                13567.6787109375
            ],
            "ypr": [
                0.0,
                0.0,
                -0.0
            ],
            "scale": 1.0,
            "enableCEPersistency": 0
        },
        {
            "name": "FireExtinguisher",
            "pos": [
                9570.595703125,
                3.4607670307159426,
                13567.892578125
            ],
            "ypr": [
                -8.59222412109375,
                0.0,
                -0.0
            ],
            "scale": 0.9999998807907105,
            "enableCEPersistency": 0
        },
        {
            "name": "FireExtinguisher",
            "pos": [
                9570.5849609375,
                3.4607670307159426,
                13568.138671875
            ],
            "ypr": [
                -40.56129837036133,
                0.0,
                -0.0
            ],
            "scale": 0.9999991059303284,
            "enableCEPersistency": 0
        },
        {
            "name": "FireExtinguisher",
            "pos": [
                9570.361328125,
                3.4607670307159426,
                13567.630859375
            ],
            "ypr": [
                -40.56129455566406,
                0.0,
                -0.0
            ],
            "scale": 0.9999990463256836,
            "enableCEPersistency": 0
        },
        {
            "name": "FireExtinguisher",
            "pos": [
                9570.3837890625,
                3.4607670307159426,
                13567.9072265625
            ],
            "ypr": [
                -71.22332000732422,
                0.0,
                -0.0
            ],
            "scale": 0.9999988675117493,
            "enableCEPersistency": 0
        },
        {
            "name": "FireExtinguisher",
            "pos": [
                9569.3779296875,
                3.471705436706543,
                13568.0302734375
            ],
            "ypr": [
                124.3541030883789,
                89.87332153320313,
                179.99998474121095
            ],
            "scale": 0.9999988079071045,
            "enableCEPersistency": 0
        },
        {
            "name": "PersonalRadio",
            "pos": [
                9573.77734375,
                3.402892589569092,
                13574.162109375
            ],
            "ypr": [
                176.1161651611328,
                0.0,
                -0.0
            ],
            "scale": 0.9999998807907105,
            "enableCEPersistency": 0
        },
        {
            "name": "PersonalRadio",
            "pos": [
                9573.787109375,
                3.402892589569092,
                13574.0625
            ],
            "ypr": [
                176.1161651611328,
                0.0,
                -0.0
            ],
            "scale": 0.9999998807907105,
            "enableCEPersistency": 0
        },
        {
            "name": "PersonalRadio",
            "pos": [
                9573.78515625,
                3.402892589569092,
                13573.966796875
            ],
            "ypr": [
                176.1161651611328,
                0.0,
                -0.0
            ],
            "scale": 0.9999998807907105,
            "enableCEPersistency": 0
        },
        {
            "name": "PersonalRadio",
            "pos": [
                9573.892578125,
                3.402892589569092,
                13573.9580078125
            ],
            "ypr": [
                176.1161651611328,
                0.0,
                -0.0
            ],
            "scale": 0.9999998807907105,
            "enableCEPersistency": 0
        },
        {
            "name": "PersonalRadio",
            "pos": [
                9573.884765625,
                3.402892589569092,
                13574.1533203125
            ],
            "ypr": [
                176.1161651611328,
                0.0,
                -0.0
            ],
            "scale": 0.9999998807907105,
            "enableCEPersistency": 0
        },
        {
            "name": "PersonalRadio",
            "pos": [
                9573.89453125,
                3.402892589569092,
                13574.0537109375
            ],
            "ypr": [
                176.1161651611328,
                0.0,
                -0.0
            ],
            "scale": 0.9999998807907105,
            "enableCEPersistency": 0
        },
        {
            "name": "SodaCan_Pipsi",
            "pos": [
                9566.259765625,
                8.71378231048584,
                13581.0380859375
            ],
            "ypr": [
                0.0,
                0.0,
                -90.0
            ],
            "scale": 1.0,
            "enableCEPersistency": 0
        },
        {
            "name": "SodaCan_Kvass",
            "pos": [
                9566.427734375,
                8.769590377807618,
                13583.7880859375
            ],
            "ypr": [
                0.0,
                0.0,
                -0.0
            ],
            "scale": 1.0,
            "enableCEPersistency": 0
        },
        {
            "name": "SodaCan_Spite",
            "pos": [
                9565.0927734375,
                9.307014465332032,
                13582.787109375
            ],
            "ypr": [
                0.0,
                0.0,
                -0.0
            ],
            "scale": 1.0,
            "enableCEPersistency": 0
        },
        {
            "name": "TTSKOBoots",
            "pos": [
                9574.427734375,
                7.631785869598389,
                13568.3525390625
            ],
            "ypr": [
                161.99986267089845,
                0.0,
                -0.0
            ],
            "scale": 1.0,
            "enableCEPersistency": 0
        },
        {
            "name": "TTSKOBoots",
            "pos": [
                9574.19140625,
                7.631785869598389,
                13568.3681640625
            ],
            "ypr": [
                153.45046997070313,
                0.0,
                -0.0
            ],
            "scale": 1.0,
            "enableCEPersistency": 0
        },
        {
            "name": "TTSKOBoots",
            "pos": [
                9573.9443359375,
                7.631785869598389,
                13568.3505859375
            ],
            "ypr": [
                153.45046997070313,
                0.0,
                -0.0
            ],
            "scale": 1.0,
            "enableCEPersistency": 0
        },
        {
            "name": "TTSKOBoots",
            "pos": [
                9573.6767578125,
                7.631785869598389,
                13568.3681640625
            ],
            "ypr": [
                158.72149658203126,
                0.0,
                -0.0
            ],
            "scale": 1.0,
            "enableCEPersistency": 0
        },
        {
            "name": "TTSKOBoots",
            "pos": [
                9573.3076171875,
                7.631785869598389,
                13568.3916015625
            ],
            "ypr": [
                157.90725708007813,
                0.0,
                -0.0
            ],
            "scale": 1.0,
            "enableCEPersistency": 0
        },
        {
            "name": "TTSKOBoots",
            "pos": [
                9573.06640625,
                7.631785869598389,
                13568.3779296875
            ],
            "ypr": [
                157.90724182128907,
                0.0,
                -0.0
            ],
            "scale": 1.0,
            "enableCEPersistency": 0
        },
        {
            "name": "TTSKOBoots",
            "pos": [
                9572.8291015625,
                7.631785869598389,
                13568.39453125
            ],
            "ypr": [
                157.9072265625,
                0.0,
                -0.0
            ],
            "scale": 1.0,
            "enableCEPersistency": 0
        },
        {
            "name": "TTSKOBoots",
            "pos": [
                9572.5576171875,
                7.631785869598389,
                13568.3818359375
            ],
            "ypr": [
                157.90721130371095,
                0.0,
                -0.0
            ],
            "scale": 1.0,
            "enableCEPersistency": 0
        },
        {
            "name": "FirefightersPants_Black",
            "pos": [
                9574.330078125,
                8.125686645507813,
                13568.3486328125
            ],
            "ypr": [
                0.0,
                0.0,
                -0.0
            ],
            "scale": 1.0,
            "enableCEPersistency": 0
        },
        {
            "name": "FirefightersPants_Black",
            "pos": [
                9573.890625,
                8.125686645507813,
                13568.275390625
            ],
            "ypr": [
                79.9275894165039,
                0.0,
                -0.0
            ],
            "scale": 0.9999998807907105,
            "enableCEPersistency": 0
        },
        {
            "name": "FirefightersPants_Black",
            "pos": [
                9573.890625,
                8.22774887084961,
                13568.275390625
            ],
            "ypr": [
                79.9275894165039,
                0.0,
                -0.0
            ],
            "scale": 0.9999998807907105,
            "enableCEPersistency": 0
        },
        {
            "name": "FirefightersPants_Beige",
            "pos": [
                9572.607421875,
                8.13083267211914,
                13568.37890625
            ],
            "ypr": [
                0.0,
                0.0,
                -0.0
            ],
            "scale": 1.0,
            "enableCEPersistency": 0
        },
        {
            "name": "FirefightersPants_Beige",
            "pos": [
                9573.263671875,
                8.124015808105469,
                13568.3427734375
            ],
            "ypr": [
                44.9771842956543,
                0.0,
                -0.0
            ],
            "scale": 0.9999998807907105,
            "enableCEPersistency": 0
        },
        {
            "name": "FirefighterJacket_Beige",
            "pos": [
                9572.681640625,
                8.632988929748536,
                13568.23828125
            ],
            "ypr": [
                89.99990844726563,
                -90.0,
                -0.000005008955668017734
            ],
            "scale": 1.0,
            "enableCEPersistency": 0
        },
        {
            "name": "FirefighterJacket_Beige",
            "pos": [
                9573.267578125,
                8.632988929748536,
                13568.2353515625
            ],
            "ypr": [
                4.251486301422119,
                -90.0,
                179.99998474121095
            ],
            "scale": 1.0,
            "enableCEPersistency": 0
        },
        {
            "name": "FirefighterJacket_Black",
            "pos": [
                9574.1064453125,
                8.63469409942627,
                13568.234375
            ],
            "ypr": [
                90.00000762939453,
                -90.0,
                -0.000005008955668017734
            ],
            "scale": 1.0,
            "enableCEPersistency": 0
        },
        {
            "name": "FirefightersHelmet_Red",
            "pos": [
                9570.27734375,
                7.645744323730469,
                13573.7626953125
            ],
            "ypr": [
                89.99993133544922,
                0.0,
                -0.0
            ],
            "scale": 1.0,
            "enableCEPersistency": 0
        },
        {
            "name": "FirefightersHelmet_Red",
            "pos": [
                9570.2734375,
                7.728405952453613,
                13573.375
            ],
            "ypr": [
                89.9999008178711,
                0.0,
                -90.0
            ],
            "scale": 1.0,
            "enableCEPersistency": 0
        },
        {
            "name": "FirefightersHelmet_Yellow",
            "pos": [
                9570.275390625,
                7.638381481170654,
                13572.6875
            ],
            "ypr": [
                98.99993133544922,
                0.0,
                -0.0
            ],
            "scale": 1.0,
            "enableCEPersistency": 0
        },
        {
            "name": "FirefightersHelmet_White",
            "pos": [
                9570.1630859375,
                7.639862060546875,
                13571.8876953125
            ],
            "ypr": [
                0.0,
                0.0,
                -0.0
            ],
            "scale": 1.0,
            "enableCEPersistency": 0
        },
        {
            "name": "FirefightersHelmet_White",
            "pos": [
                9570.2021484375,
                8.405477523803711,
                13572.2001953125
            ],
            "ypr": [
                122.18324279785156,
                0.0,
                -0.0
            ],
            "scale": 1.0,
            "enableCEPersistency": 0
        },
        {
            "name": "bldr_prop_FirefighterAxe_Green",
            "pos": [
                9575.9404296875,
                3.387589931488037,
                13575.771484375
            ],
            "ypr": [
                0.0,
                0.0,
                -90.0
            ],
            "scale": 1.0,
            "enableCEPersistency": 0
        },
        {
            "name": "GasMask",
            "pos": [
                9568.177734375,
                2.6611175537109377,
                13567.47265625
            ],
            "ypr": [
                0.0,
                0.0,
                -0.0
            ],
            "scale": 1.0,
            "enableCEPersistency": 0
        },
        {
            "name": "GasMask_Filter",
            "pos": [
                9568.515625,
                3.1303396224975588,
                13567.8095703125
            ],
            "ypr": [
                0.0,
                0.0,
                -0.0
            ],
            "scale": 1.0,
            "enableCEPersistency": 0
        },
        {
            "name": "GasMask_Filter",
            "pos": [
                9568.634765625,
                3.1303396224975588,
                13567.8095703125
            ],
            "ypr": [
                0.0,
                0.0,
                -0.0
            ],
            "scale": 1.0,
            "enableCEPersistency": 0
        },
        {
            "name": "GasMask_Filter",
            "pos": [
                9568.517578125,
                3.1303396224975588,
                13567.53515625
            ],
            "ypr": [
                0.0,
                0.0,
                -0.0
            ],
            "scale": 1.0,
            "enableCEPersistency": 0
        },
        {
            "name": "GasMask_Filter",
            "pos": [
                9568.0986328125,
                3.1303396224975588,
                13567.7265625
            ],
            "ypr": [
                0.0,
                0.0,
                -0.0
            ],
            "scale": 1.0,
            "enableCEPersistency": 0
        },
        {
            "name": "GasMask_Filter",
            "pos": [
                9568.0078125,
                3.1303396224975588,
                13567.4921875
            ],
            "ypr": [
                0.0,
                0.0,
                -0.0
            ],
            "scale": 1.0,
            "enableCEPersistency": 0
        },
        {
            "name": "BoxCerealCrunchin",
            "pos": [
                9734.7998046875,
                5.08357048034668,
                13549.20703125
            ],
            "ypr": [
                3.2569022178649904,
                0.0,
                -0.0
            ],
            "scale": 1.0,
            "enableCEPersistency": 0
        },
        {
            "name": "BoxCerealCrunchin",
            "pos": [
                9734.7861328125,
                5.08357048034668,
                13549.103515625
            ],
            "ypr": [
                4.563948154449463,
                0.0,
                -0.0
            ],
            "scale": 0.9999999403953552,
            "enableCEPersistency": 0
        },
        {
            "name": "BoxCerealCrunchin",
            "pos": [
                9734.6962890625,
                4.949120998382568,
                13548.8759765625
            ],
            "ypr": [
                -169.47933959960938,
                89.9476547241211,
                179.99998474121095
            ],
            "scale": 0.9999996423721314,
            "enableCEPersistency": 0
        },
        {
            "name": "Rice",
            "pos": [
                9734.2978515625,
                5.702901840209961,
                13556.45703125
            ],
            "ypr": [
                22.776891708374025,
                0.0,
                -0.0
            ],
            "scale": 1.0,
            "enableCEPersistency": 0
        },
        {
            "name": "Land_Misc_Well_Pump_Yellow",
            "pos": [
                9778.892578125,
                4.822455883026123,
                13527.916015625
            ],
            "ypr": [
                5.056098461151123,
                0.03906155377626419,
                -1.9708962440490723
            ],
            "scale": 1.0,
            "enableCEPersistency": 0
        },
        {
            "name": "Land_Misc_Well_Pump_Yellow",
            "pos": [
                9930.8037109375,
                2.5455572605133058,
                13547.189453125
            ],
            "ypr": [
                174.34246826171876,
                0.0,
                -0.0
            ],
            "scale": 0.9999995231628418,
            "enableCEPersistency": 0
        },
        {
            "name": "FAL",
            "pos": [
                9771.0595703125,
                8.954594612121582,
                13523.7998046875
            ],
            "ypr": [
                -84.97017669677735,
                0.0,
                -9.0
            ],
            "scale": 0.9999998807907105,
            "enableCEPersistency": 0
        },
        {
            "name": "Mag_FAL_20Rnd",
            "pos": [
                9771.4306640625,
                9.019407272338868,
                13522.400390625
            ],
            "ypr": [
                -176.95736694335938,
                90.0,
                -180.0
            ],
            "scale": 1.0,
            "enableCEPersistency": 0
        },
        {
            "name": "Mag_FAL_20Rnd",
            "pos": [
                9771.439453125,
                9.089143753051758,
                13522.400390625
            ],
            "ypr": [
                -176.95736694335938,
                90.0,
                -180.0
            ],
            "scale": 1.0,
            "enableCEPersistency": 0
        },
        {
            "name": "Mag_FAL_20Rnd",
            "pos": [
                9771.4296875,
                9.068037033081055,
                13522.400390625
            ],
            "ypr": [
                -178.56439208984376,
                90.0,
                -180.0
            ],
            "scale": 1.0,
            "enableCEPersistency": 0
        },
        {
            "name": "Mag_FAL_20Rnd",
            "pos": [
                9771.4365234375,
                9.043045043945313,
                13522.404296875
            ],
            "ypr": [
                -178.56439208984376,
                90.0,
                -180.0
            ],
            "scale": 1.0,
            "enableCEPersistency": 0
        },
        {
            "name": "Fal_OeBttstck",
            "pos": [
                9771.044921875,
                9.061467170715332,
                13523.0634765625
            ],
            "ypr": [
                0.0,
                0.0,
                -0.0
            ],
            "scale": 1.0,
            "enableCEPersistency": 0
        },
        {
            "name": "Fal_FoldingBttstck",
            "pos": [
                9771.205078125,
                9.065336227416993,
                13523.0517578125
            ],
            "ypr": [
                0.0,
                0.0,
                -0.0
            ],
            "scale": 1.0,
            "enableCEPersistency": 0
        },
        {
            "name": "CZ550",
            "pos": [
                9769.076171875,
                8.586089134216309,
                13520.287109375
            ],
            "ypr": [
                9.000079154968262,
                90.0,
                -0.000005008955668017734
            ],
            "scale": 1.0,
            "enableCEPersistency": 0
        },
        {
            "name": "Mag_CZ550_10rnd",
            "pos": [
                9769.4462890625,
                8.911826133728028,
                13520.2119140625
            ],
            "ypr": [
                0.000005008955668017734,
                90.0,
                -0.000005008955668017734
            ],
            "scale": 1.0,
            "enableCEPersistency": 0
        },
        {
            "name": "Mag_CZ550_10rnd",
            "pos": [
                9769.4326171875,
                8.911826133728028,
                13520.3447265625
            ],
            "ypr": [
                -179.99998474121095,
                90.0,
                179.99998474121095
            ],
            "scale": 1.0,
            "enableCEPersistency": 0
        },
        {
            "name": "Mag_CZ550_10rnd",
            "pos": [
                9769.31640625,
                8.911826133728028,
                13520.1962890625
            ],
            "ypr": [
                -179.99998474121095,
                90.0,
                179.99998474121095
            ],
            "scale": 1.0,
            "enableCEPersistency": 0
        },
        {
            "name": "Mag_CZ550_10rnd",
            "pos": [
                9769.302734375,
                8.911826133728028,
                13520.3291015625
            ],
            "ypr": [
                0.000022311800421448426,
                90.0,
                -0.000022311800421448426
            ],
            "scale": 1.0,
            "enableCEPersistency": 0
        },
        {
            "name": "Ammo_308WinTracer",
            "pos": [
                9771.5517578125,
                9.027375221252442,
                13522.84375
            ],
            "ypr": [
                0.0,
                0.0,
                -0.0
            ],
            "scale": 1.0,
            "enableCEPersistency": 0
        },
        {
            "name": "Ammo_308WinTracer",
            "pos": [
                9771.5673828125,
                9.027375221252442,
                13522.7607421875
            ],
            "ypr": [
                60.44704055786133,
                0.0,
                -0.0
            ],
            "scale": 1.0,
            "enableCEPersistency": 0
        },
        {
            "name": "Ammo_308WinTracer",
            "pos": [
                9771.693359375,
                9.027375221252442,
                13522.6650390625
            ],
            "ypr": [
                60.44704055786133,
                0.0,
                -0.0
            ],
            "scale": 1.0,
            "enableCEPersistency": 0
        },
        {
            "name": "Ammo_308WinTracer",
            "pos": [
                9771.478515625,
                9.027375221252442,
                13522.6416015625
            ],
            "ypr": [
                -0.8594441413879395,
                0.0,
                -0.0
            ],
            "scale": 1.0,
            "enableCEPersistency": 0
        },
        {
            "name": "Ammo_308WinTracer",
            "pos": [
                9771.517578125,
                9.027375221252442,
                13522.5537109375
            ],
            "ypr": [
                -0.8594441413879395,
                0.0,
                -0.0
            ],
            "scale": 1.0,
            "enableCEPersistency": 0
        },
        {
            "name": "StaticObj_Furniture_shelfs_small",
            "pos": [
                9766.1064453125,
                3.4243392944335939,
                13527.1796875
            ],
            "ypr": [
                10.907001495361329,
                0.0,
                -0.0
            ],
            "scale": 1.0,
            "enableCEPersistency": 0
        },
        {
            "name": "StaticObj_Furniture_bucket",
            "pos": [
                9766.2626953125,
                3.4070751667022707,
                13527.8828125
            ],
            "ypr": [
                0.0,
                0.0,
                -0.0
            ],
            "scale": 1.0,
            "enableCEPersistency": 0
        },
        {
            "name": "Hatchet",
            "pos": [
                9766.228515625,
                3.771739959716797,
                13527.892578125
            ],
            "ypr": [
                179.99998474121095,
                -0.000005008955668017734,
                179.99998474121095
            ],
            "scale": 1.0,
            "enableCEPersistency": 0
        },
        {
            "name": "NailBox",
            "pos": [
                9765.966796875,
                4.0569353103637699,
                13526.9296875
            ],
            "ypr": [
                0.0,
                0.0,
                -0.0
            ],
            "scale": 1.0,
            "enableCEPersistency": 0
        },
        {
            "name": "NailBox",
            "pos": [
                9766.1259765625,
                4.0569353103637699,
                13527.33984375
            ],
            "ypr": [
                -84.47376251220703,
                0.0,
                -0.0
            ],
            "scale": 1.0,
            "enableCEPersistency": 0
        },
        {
            "name": "Rope",
            "pos": [
                9766.080078125,
                4.398409843444824,
                13526.900390625
            ],
            "ypr": [
                -0.000005008955668017734,
                90.0,
                -0.000005008955668017734
            ],
            "scale": 1.0,
            "enableCEPersistency": 0
        },
        {
            "name": "MetalWire",
            "pos": [
                9764.60546875,
                4.9018635749816898,
                13526.5302734375
            ],
            "ypr": [
                11.913408279418946,
                0.0,
                -0.0
            ],
            "scale": 1.0,
            "enableCEPersistency": 0
        },
        {
            "name": "BalaclavaMask_Black",
            "pos": [
                9774.189453125,
                8.2938814163208,
                13519.8994140625
            ],
            "ypr": [
                104.92796325683594,
                71.99999237060547,
                -0.000005008955668017734
            ],
            "scale": 1.0,
            "enableCEPersistency": 0
        },
        {
            "name": "BalaclavaMask_Pig",
            "pos": [
                9774.6904296875,
                8.360222816467286,
                13519.5361328125
            ],
            "ypr": [
                6.556658744812012,
                0.0,
                -0.0
            ],
            "scale": 1.0,
            "enableCEPersistency": 0
        },
        {
            "name": "WorkingGloves_Beige",
            "pos": [
                9773.662109375,
                8.259799003601075,
                13519.853515625
            ],
            "ypr": [
                0.0,
                0.0,
                -0.0
            ],
            "scale": 1.0,
            "enableCEPersistency": 0
        },
        {
            "name": "WorkingGloves_Black",
            "pos": [
                9773.2236328125,
                8.25934886932373,
                13520.1015625
            ],
            "ypr": [
                -79.49788665771485,
                0.0,
                -0.0
            ],
            "scale": 1.0,
            "enableCEPersistency": 0
        },
        {
            "name": "StaticObj_Furniture_almara_open",
            "pos": [
                9874.8154296875,
                2.2393107414245607,
                13541.76953125
            ],
            "ypr": [
                95.48590850830078,
                0.0,
                -0.0
            ],
            "scale": 1.0,
            "enableCEPersistency": 0
        },
        {
            "name": "BushlatPoliceJacket_Blue",
            "pos": [
                9874.8935546875,
                3.1114468574523927,
                13542.1943359375
            ],
            "ypr": [
                0.0,
                0.0,
                -0.0
            ],
            "scale": 1.0,
            "enableCEPersistency": 0
        },
        {
            "name": "NavyUniformPants",
            "pos": [
                9874.8193359375,
                3.1182126998901369,
                13541.560546875
            ],
            "ypr": [
                -79.78435516357422,
                0.0,
                -0.0
            ],
            "scale": 0.9999998211860657,
            "enableCEPersistency": 0
        },
        {
            "name": "Shemag_Red",
            "pos": [
                9874.9736328125,
                2.378026008605957,
                13542.3203125
            ],
            "ypr": [
                0.0,
                0.0,
                -0.0
            ],
            "scale": 1.0,
            "enableCEPersistency": 0
        },
        {
            "name": "AviatorGlasses",
            "pos": [
                9874.8095703125,
                2.4146101474761965,
                13541.900390625
            ],
            "ypr": [
                70.98762512207031,
                89.93743896484375,
                -0.000005008955668017734
            ],
            "scale": 0.9999994039535523,
            "enableCEPersistency": 0
        },
        {
            "name": "BandageDressing",
            "pos": [
                9803.919921875,
                4.498960971832275,
                13483.2998046875
            ],
            "ypr": [
                -0.000005008955668017734,
                90.0,
                -0.000005008955668017734
            ],
            "scale": 1.0,
            "enableCEPersistency": 0
        },
        {
            "name": "VitaminBottle",
            "pos": [
                9801.935546875,
                5.2750244140625,
                13482.6767578125
            ],
            "ypr": [
                -50.24629592895508,
                0.0,
                -0.0
            ],
            "scale": 0.9999997615814209,
            "enableCEPersistency": 0
        },
        {
            "name": "VitaminBottle",
            "pos": [
                9801.9453125,
                4.886638641357422,
                13483.2080078125
            ],
            "ypr": [
                -163.8351593017578,
                0.0,
                -0.0
            ],
            "scale": 0.9999995827674866,
            "enableCEPersistency": 0
        },
        {
            "name": "Firewood",
            "pos": [
                9774.646484375,
                3.7845375537872316,
                13518.4521484375
            ],
            "ypr": [
                0.0,
                0.0,
                -0.0
            ],
            "scale": 1.0,
            "enableCEPersistency": 0
        },
        {
            "name": "Firewood",
            "pos": [
                9774.779296875,
                3.7845375537872316,
                13518.4560546875
            ],
            "ypr": [
                0.0,
                0.0,
                -0.0
            ],
            "scale": 1.0,
            "enableCEPersistency": 0
        },
        {
            "name": "Firewood",
            "pos": [
                9774.9365234375,
                3.7845375537872316,
                13518.4482421875
            ],
            "ypr": [
                0.0,
                0.0,
                -0.0
            ],
            "scale": 1.0,
            "enableCEPersistency": 0
        },
        {
            "name": "Firewood",
            "pos": [
                9775.0693359375,
                3.7845375537872316,
                13518.4521484375
            ],
            "ypr": [
                0.0,
                0.0,
                -0.0
            ],
            "scale": 1.0,
            "enableCEPersistency": 0
        },
        {
            "name": "Firewood",
            "pos": [
                9775.3193359375,
                3.7845375537872316,
                13518.4228515625
            ],
            "ypr": [
                0.0,
                0.0,
                -0.0
            ],
            "scale": 1.0,
            "enableCEPersistency": 0
        },
        {
            "name": "Firewood",
            "pos": [
                9775.2080078125,
                3.7845375537872316,
                13518.443359375
            ],
            "ypr": [
                0.0,
                0.0,
                -0.0
            ],
            "scale": 1.0,
            "enableCEPersistency": 0
        },
        {
            "name": "Firewood",
            "pos": [
                9775.00390625,
                3.85876727104187,
                13518.48046875
            ],
            "ypr": [
                0.0,
                0.0,
                -0.0
            ],
            "scale": 1.0,
            "enableCEPersistency": 0
        },
        {
            "name": "Firewood",
            "pos": [
                9775.2509765625,
                3.850673198699951,
                13518.49609375
            ],
            "ypr": [
                0.0,
                0.0,
                -0.0
            ],
            "scale": 1.0,
            "enableCEPersistency": 0
        },
        {
            "name": "Firewood",
            "pos": [
                9775.1416015625,
                3.848836660385132,
                13518.4931640625
            ],
            "ypr": [
                0.0,
                0.0,
                -0.0
            ],
            "scale": 1.0,
            "enableCEPersistency": 0
        },
        {
            "name": "Firewood",
            "pos": [
                9774.7138671875,
                3.865907669067383,
                13518.484375
            ],
            "ypr": [
                0.0,
                0.0,
                -0.0
            ],
            "scale": 1.0,
            "enableCEPersistency": 0
        },
        {
            "name": "Firewood",
            "pos": [
                9774.87109375,
                3.856956958770752,
                13518.4765625
            ],
            "ypr": [
                0.0,
                0.0,
                -0.0
            ],
            "scale": 1.0,
            "enableCEPersistency": 0
        },
        {
            "name": "Firewood",
            "pos": [
                9774.9287109375,
                3.9565846920013429,
                13518.494140625
            ],
            "ypr": [
                0.0,
                0.0,
                -0.0
            ],
            "scale": 1.0,
            "enableCEPersistency": 0
        },
        {
            "name": "Firewood",
            "pos": [
                9775.17578125,
                3.948490619659424,
                13518.509765625
            ],
            "ypr": [
                0.0,
                0.0,
                -0.0
            ],
            "scale": 1.0,
            "enableCEPersistency": 0
        },
        {
            "name": "Firewood",
            "pos": [
                9775.06640625,
                3.9466540813446047,
                13518.5068359375
            ],
            "ypr": [
                0.0,
                0.0,
                -0.0
            ],
            "scale": 1.0,
            "enableCEPersistency": 0
        },
        {
            "name": "Firewood",
            "pos": [
                9774.7958984375,
                3.9547743797302248,
                13518.490234375
            ],
            "ypr": [
                0.0,
                0.0,
                -0.0
            ],
            "scale": 1.0,
            "enableCEPersistency": 0
        },
        {
            "name": "Firewood",
            "pos": [
                9774.837890625,
                4.0518059730529789,
                13518.46875
            ],
            "ypr": [
                0.0,
                0.0,
                -0.0
            ],
            "scale": 1.0,
            "enableCEPersistency": 0
        },
        {
            "name": "Firewood",
            "pos": [
                9775.0849609375,
                4.0437116622924809,
                13518.484375
            ],
            "ypr": [
                0.0,
                0.0,
                -0.0
            ],
            "scale": 1.0,
            "enableCEPersistency": 0
        },
        {
            "name": "Firewood",
            "pos": [
                9774.9755859375,
                4.04187536239624,
                13518.4814453125
            ],
            "ypr": [
                0.0,
                0.0,
                -0.0
            ],
            "scale": 1.0,
            "enableCEPersistency": 0
        },
        {
            "name": "Bark_Oak",
            "pos": [
                9774.6669921875,
                4.451539993286133,
                13518.607421875
            ],
            "ypr": [
                -27.501972198486329,
                0.0,
                -0.0
            ],
            "scale": 0.9999998807907105,
            "enableCEPersistency": 0
        },
        {
            "name": "Bark_Oak",
            "pos": [
                9774.8505859375,
                4.451539993286133,
                13518.505859375
            ],
            "ypr": [
                -46.12310028076172,
                0.0,
                -0.0
            ],
            "scale": 0.9999998211860657,
            "enableCEPersistency": 0
        },
        {
            "name": "Bark_Oak",
            "pos": [
                9775.212890625,
                4.451539993286133,
                13518.4912109375
            ],
            "ypr": [
                -101.70000457763672,
                0.0,
                -0.0
            ],
            "scale": 0.9999998807907105,
            "enableCEPersistency": 0
        }
    ]
}