{
    "Objects": [
        {
            "name": "Land_Shed_Closed",
            "pos": [
                12950.763671875,
                6.82228946685791,
                7351.6982421875
            ],
            "ypr": [
                -122.4216537475586,
                0.0,
                -0.0
            ],
            "scale": 1.0000004768371583,
            "enableCEPersistency": 0
        },
        {
            "name": "StaticObj_Furniture_shelf_1side",
            "pos": [
                12940.7822265625,
                2.233764171600342,
                7347.5078125
            ],
            "ypr": [
                147.49998474121095,
                0.0,
                -0.0
            ],
            "scale": 1.000000238418579,
            "enableCEPersistency": 0
        },
        {
            "name": "StaticObj_Furniture_shelf_1side",
            "pos": [
                12939.7265625,
                2.233764171600342,
                7349.14013671875
            ],
            "ypr": [
                147.49996948242188,
                0.0,
                -0.0
            ],
            "scale": 1.000000238418579,
            "enableCEPersistency": 0
        },
        {
            "name": "TruckBattery",
            "pos": [
                12941.2705078125,
                2.430891513824463,
                7347.1181640625
            ],
            "ypr": [
                44.99995422363281,
                0.0,
                -0.0
            ],
            "scale": 1.0,
            "enableCEPersistency": 0
        },
        {
            "name": "CarBattery",
            "pos": [
                12941.314453125,
                2.7785987854003908,
                7347.06640625
            ],
            "ypr": [
                -33.04042053222656,
                0.0,
                -0.0
            ],
            "scale": 0.9999998807907105,
            "enableCEPersistency": 0
        },
        {
            "name": "SparkPlug",
            "pos": [
                12941.373046875,
                3.496513605117798,
                7346.91650390625
            ],
            "ypr": [
                -44.182456970214847,
                90.0,
                -0.000005008955668017734
            ],
            "scale": 1.0,
            "enableCEPersistency": 0
        },
        {
            "name": "GlowPlug",
            "pos": [
                12941.296875,
                3.4968488216400148,
                7347.09228515625
            ],
            "ypr": [
                90.83595275878906,
                90.0,
                -180.0
            ],
            "scale": 0.9999998211860657,
            "enableCEPersistency": 0
        },
        {
            "name": "CarRadiator",
            "pos": [
                12939.7578125,
                3.4632837772369386,
                7349.24755859375
            ],
            "ypr": [
                57.91929626464844,
                12.000000953674317,
                0.3466000258922577
            ],
            "scale": 1.0000001192092896,
            "enableCEPersistency": 0
        },
        {
            "name": "HeadlightH7_Box",
            "pos": [
                12939.599609375,
                3.1526942253112795,
                7349.75
            ],
            "ypr": [
                161.37440490722657,
                90.0,
                89.99999237060547
            ],
            "scale": 0.9999997615814209,
            "enableCEPersistency": 0
        },
        {
            "name": "HeadlightH7_Box",
            "pos": [
                12939.7470703125,
                3.1526942253112795,
                7349.70458984375
            ],
            "ypr": [
                -48.601959228515628,
                89.96043395996094,
                -90.00000762939453
            ],
            "scale": 0.9999995231628418,
            "enableCEPersistency": 0
        },
        {
            "name": "HeadlightH7_Box",
            "pos": [
                12939.8564453125,
                3.1526942253112795,
                7349.4091796875
            ],
            "ypr": [
                -122.65674591064453,
                89.93743896484375,
                -90.00000762939453
            ],
            "scale": 0.999999463558197,
            "enableCEPersistency": 0
        },
        {
            "name": "HeadlightH7_Box",
            "pos": [
                12939.853515625,
                3.1526942253112795,
                7349.13671875
            ],
            "ypr": [
                -123.08527374267578,
                89.91376495361328,
                -90.00000762939453
            ],
            "scale": 0.9999993443489075,
            "enableCEPersistency": 0
        },
        {
            "name": "StaticObj_Misc_Table_Camp_Small",
            "pos": [
                12939.7158203125,
                3.0744247436523439,
                7303.0908203125
            ],
            "ypr": [
                -35.999996185302737,
                0.0,
                0.0
            ],
            "scale": 1.0,
            "enableCEPersistency": 0
        },
        {
            "name": "Firewood",
            "pos": [
                12940.0400390625,
                2.740802526473999,
                7303.27783203125
            ],
            "ypr": [
                -38.95758056640625,
                0.0,
                -0.0
            ],
            "scale": 0.9999998807907105,
            "enableCEPersistency": 0
        },
        {
            "name": "Firewood",
            "pos": [
                12939.962890625,
                2.740802526473999,
                7303.22216796875
            ],
            "ypr": [
                -38.957576751708987,
                0.0,
                -0.0
            ],
            "scale": 0.9999998807907105,
            "enableCEPersistency": 0
        },
        {
            "name": "Firewood",
            "pos": [
                12939.880859375,
                2.740802526473999,
                7303.16796875
            ],
            "ypr": [
                -38.95757293701172,
                0.0,
                -0.0
            ],
            "scale": 0.9999998807907105,
            "enableCEPersistency": 0
        },
        {
            "name": "Firewood",
            "pos": [
                12939.794921875,
                2.740802526473999,
                7303.11376953125
            ],
            "ypr": [
                -38.95757293701172,
                0.0,
                -0.0
            ],
            "scale": 0.9999998211860657,
            "enableCEPersistency": 0
        },
        {
            "name": "Firewood",
            "pos": [
                12939.7265625,
                2.740802526473999,
                7303.04736328125
            ],
            "ypr": [
                -38.95756912231445,
                0.0,
                -0.0
            ],
            "scale": 0.9999998211860657,
            "enableCEPersistency": 0
        },
        {
            "name": "Firewood",
            "pos": [
                12939.654296875,
                2.740802526473999,
                7302.9775390625
            ],
            "ypr": [
                -38.95756912231445,
                0.0,
                -0.0
            ],
            "scale": 0.9999998211860657,
            "enableCEPersistency": 0
        },
        {
            "name": "Firewood",
            "pos": [
                12939.58203125,
                2.740802526473999,
                7302.90576171875
            ],
            "ypr": [
                -38.95756912231445,
                0.0,
                -0.0
            ],
            "scale": 0.9999998211860657,
            "enableCEPersistency": 0
        },
        {
            "name": "Firewood",
            "pos": [
                12940.0,
                2.809849739074707,
                7303.22998046875
            ],
            "ypr": [
                -38.957576751708987,
                0.0,
                -0.0
            ],
            "scale": 0.9999998807907105,
            "enableCEPersistency": 0
        },
        {
            "name": "Firewood",
            "pos": [
                12939.9228515625,
                2.809849739074707,
                7303.17431640625
            ],
            "ypr": [
                -38.95757293701172,
                0.0,
                -0.0
            ],
            "scale": 0.9999998807907105,
            "enableCEPersistency": 0
        },
        {
            "name": "Firewood",
            "pos": [
                12939.8408203125,
                2.809849739074707,
                7303.1201171875
            ],
            "ypr": [
                -38.95757293701172,
                0.0,
                -0.0
            ],
            "scale": 0.9999998211860657,
            "enableCEPersistency": 0
        },
        {
            "name": "Firewood",
            "pos": [
                12939.7548828125,
                2.809849739074707,
                7303.06591796875
            ],
            "ypr": [
                -38.95756912231445,
                0.0,
                -0.0
            ],
            "scale": 0.9999998211860657,
            "enableCEPersistency": 0
        },
        {
            "name": "Firewood",
            "pos": [
                12939.6865234375,
                2.809849739074707,
                7302.99951171875
            ],
            "ypr": [
                -38.95756912231445,
                0.0,
                -0.0
            ],
            "scale": 0.9999998211860657,
            "enableCEPersistency": 0
        },
        {
            "name": "Firewood",
            "pos": [
                12939.6142578125,
                2.809849739074707,
                7302.9296875
            ],
            "ypr": [
                -38.95756912231445,
                0.0,
                -0.0
            ],
            "scale": 0.9999998211860657,
            "enableCEPersistency": 0
        },
        {
            "name": "Firewood",
            "pos": [
                12939.7119140625,
                2.886995315551758,
                7303.03125
            ],
            "ypr": [
                -38.95756912231445,
                0.0,
                -0.0
            ],
            "scale": 0.9999998211860657,
            "enableCEPersistency": 0
        },
        {
            "name": "Firewood",
            "pos": [
                12939.6396484375,
                2.886995315551758,
                7302.96142578125
            ],
            "ypr": [
                -38.95756912231445,
                0.0,
                -0.0
            ],
            "scale": 0.9999998211860657,
            "enableCEPersistency": 0
        },
        {
            "name": "Firewood",
            "pos": [
                12939.9482421875,
                2.886995315551758,
                7303.2060546875
            ],
            "ypr": [
                -38.95757293701172,
                0.0,
                -0.0
            ],
            "scale": 0.9999998211860657,
            "enableCEPersistency": 0
        },
        {
            "name": "Firewood",
            "pos": [
                12939.8662109375,
                2.886995315551758,
                7303.15185546875
            ],
            "ypr": [
                -38.95756912231445,
                0.0,
                -0.0
            ],
            "scale": 0.9999998211860657,
            "enableCEPersistency": 0
        },
        {
            "name": "Firewood",
            "pos": [
                12939.7802734375,
                2.886995315551758,
                7303.09765625
            ],
            "ypr": [
                -38.95756912231445,
                0.0,
                -0.0
            ],
            "scale": 0.9999998211860657,
            "enableCEPersistency": 0
        },
        {
            "name": "Paper",
            "pos": [
                12940.0,
                3.4896020889282228,
                7303.169921875
            ],
            "ypr": [
                155.53013610839845,
                90.0,
                -180.0
            ],
            "scale": 1.0,
            "enableCEPersistency": 0
        },
        {
            "name": "Paper",
            "pos": [
                12939.7314453125,
                3.4896020889282228,
                7302.984375
            ],
            "ypr": [
                -92.26487731933594,
                90.0,
                -0.000005008955668017734
            ],
            "scale": 0.9999997615814209,
            "enableCEPersistency": 0
        },
        {
            "name": "Paper",
            "pos": [
                12939.3662109375,
                3.4896020889282228,
                7303.01708984375
            ],
            "ypr": [
                132.13185119628907,
                89.96043395996094,
                179.99998474121095
            ],
            "scale": 0.9999996423721314,
            "enableCEPersistency": 0
        },
        {
            "name": "Paper",
            "pos": [
                12939.8271484375,
                3.4896020889282228,
                7303.23876953125
            ],
            "ypr": [
                -129.07322692871095,
                90.0,
                -0.000005008955668017734
            ],
            "scale": 0.9999998807907105,
            "enableCEPersistency": 0
        },
        {
            "name": "Matchbox",
            "pos": [
                12939.5751953125,
                3.513016700744629,
                7302.69677734375
            ],
            "ypr": [
                -14.977456092834473,
                0.0,
                90.0
            ],
            "scale": 0.9999998807907105,
            "enableCEPersistency": 0
        },
        {
            "name": "CanisterGasoline",
            "pos": [
                12941.6806640625,
                2.344931125640869,
                7346.56640625
            ],
            "ypr": [
                -35.999996185302737,
                0.0,
                -0.0
            ],
            "scale": 1.0,
            "enableCEPersistency": 0
        },
        {
            "name": "CanisterGasoline",
            "pos": [
                12941.95703125,
                2.344931125640869,
                7346.87890625
            ],
            "ypr": [
                9.532364845275879,
                0.0,
                -0.0
            ],
            "scale": 1.0000001192092896,
            "enableCEPersistency": 0
        },
        {
            "name": "CanisterGasoline",
            "pos": [
                12939.73828125,
                2.344931125640869,
                7350.2041015625
            ],
            "ypr": [
                -35.999996185302737,
                0.0,
                -0.0
            ],
            "scale": 1.0,
            "enableCEPersistency": 0
        },
        {
            "name": "Blowtorch",
            "pos": [
                12940.5283203125,
                3.1511101722717287,
                7348.2373046875
            ],
            "ypr": [
                -135.0,
                90.0,
                -180.0
            ],
            "scale": 1.0,
            "enableCEPersistency": 0
        },
        {
            "name": "SmallGasCanister",
            "pos": [
                12940.8271484375,
                3.2128965854644777,
                7347.6708984375
            ],
            "ypr": [
                0.0,
                0.0,
                -0.0
            ],
            "scale": 1.0,
            "enableCEPersistency": 0
        },
        {
            "name": "SmallGasCanister",
            "pos": [
                12940.966796875,
                3.2128965854644777,
                7347.5302734375
            ],
            "ypr": [
                -62.309688568115237,
                0.0,
                -0.0
            ],
            "scale": 0.9999997615814209,
            "enableCEPersistency": 0
        },
        {
            "name": "SmallGasCanister",
            "pos": [
                12941.0087890625,
                3.2128965854644777,
                7347.33349609375
            ],
            "ypr": [
                -119.94830322265625,
                0.0,
                -0.0
            ],
            "scale": 0.9999996423721314,
            "enableCEPersistency": 0
        }
    ]
}