{
    "Objects": [
        {
            "name": "SparkPlug",
            "pos": [
                13557.380859375,
                36.851219177246097,
                8371.765625
            ],
            "ypr": [
                -180.0,
                90.0,
                -180.0
            ],
            "scale": 1.0,
            "enableCEPersistency": 0
        },
        {
            "name": "Whetstone",
            "pos": [
                13557.1748046875,
                36.822940826416019,
                8372.2392578125
            ],
            "ypr": [
                0.0,
                -0.0,
                -0.0
            ],
            "scale": 1.0,
            "enableCEPersistency": 0
        },
        {
            "name": "Rice",
            "pos": [
                13544.1494140625,
                38.315433502197269,
                8395.509765625
            ],
            "ypr": [
                0.0,
                0.0,
                -0.0
            ],
            "scale": 1.0,
            "enableCEPersistency": 0
        },
        {
            "name": "Candle",
            "pos": [
                13545.646484375,
                37.652427673339847,
                8393.66796875
            ],
            "ypr": [
                0.0,
                0.0,
                -0.0
            ],
            "scale": 1.0,
            "enableCEPersistency": 0
        },
        {
            "name": "Paper",
            "pos": [
                13541.953125,
                38.41929626464844,
                8391.228515625
            ],
            "ypr": [
                46.395729064941409,
                0.0,
                -0.0
            ],
            "scale": 1.0000001192092896,
            "enableCEPersistency": 0
        },
        {
            "name": "HuntingKnife",
            "pos": [
                13542.123046875,
                38.47534942626953,
                8391.3291015625
            ],
            "ypr": [
                151.5349884033203,
                0.0,
                79.99998474121094
            ],
            "scale": 1.0,
            "enableCEPersistency": 0
        },
        {
            "name": "CZ527",
            "pos": [
                13543.5498046875,
                38.24240493774414,
                8390.455078125
            ],
            "ypr": [
                -38.911705017089847,
                0.0,
                -5.999999046325684
            ],
            "scale": 1.0000001192092896,
            "enableCEPersistency": 0
        },
        {
            "name": "Tripod",
            "pos": [
                13544.0654296875,
                38.28593063354492,
                8390.046875
            ],
            "ypr": [
                -122.97019958496094,
                0.0,
                90.0
            ],
            "scale": 1.0000003576278687,
            "enableCEPersistency": 0
        },
        {
            "name": "Tripod",
            "pos": [
                13543.6591796875,
                38.306312561035159,
                8389.7529296875
            ],
            "ypr": [
                -122.97018432617188,
                0.0,
                90.0
            ],
            "scale": 1.0000003576278687,
            "enableCEPersistency": 0
        },
        {
            "name": "Mag_CZ527_5rnd",
            "pos": [
                13543.576171875,
                37.97487258911133,
                8390.587890625
            ],
            "ypr": [
                -67.34977722167969,
                0.0,
                -0.0
            ],
            "scale": 1.0000003576278687,
            "enableCEPersistency": 0
        },
        {
            "name": "Ammo_762x39Tracer",
            "pos": [
                13543.470703125,
                37.99886703491211,
                8390.5185546875
            ],
            "ypr": [
                0.0,
                0.0,
                -0.0
            ],
            "scale": 1.0,
            "enableCEPersistency": 0
        },
        {
            "name": "BookTheArtOfWar",
            "pos": [
                13543.30859375,
                38.11566925048828,
                8390.26953125
            ],
            "ypr": [
                140.49298095703126,
                -12.000003814697266,
                -0.0
            ],
            "scale": 1.0000003576278687,
            "enableCEPersistency": 0
        },
        {
            "name": "Pot",
            "pos": [
                13545.91015625,
                37.67303466796875,
                8395.4208984375
            ],
            "ypr": [
                0.0,
                -0.0,
                -0.0
            ],
            "scale": 1.0,
            "enableCEPersistency": 0
        },
        {
            "name": "DeadFox",
            "pos": [
                13546.37109375,
                36.81667709350586,
                8394.5048828125
            ],
            "ypr": [
                -53.999969482421878,
                0.0,
                0.0
            ],
            "scale": 1.0,
            "enableCEPersistency": 0
        },
        {
            "name": "Rope",
            "pos": [
                13539.2626953125,
                38.33521270751953,
                8396.4951171875
            ],
            "ypr": [
                134.99990844726563,
                0.0,
                -0.0
            ],
            "scale": 1.0,
            "enableCEPersistency": 0
        },
        {
            "name": "ScientificBriefcaseKeys",
            "pos": [
                13539.2421875,
                37.798057556152347,
                8396.6962890625
            ],
            "ypr": [
                0.0,
                -0.0,
                -0.0
            ],
            "scale": 1.0,
            "enableCEPersistency": 0
        },
        {
            "name": "WoodAxe",
            "pos": [
                13567.2802734375,
                36.288082122802737,
                8374.0166015625
            ],
            "ypr": [
                176.16302490234376,
                -0.000005008955668017734,
                171.99998474121095
            ],
            "scale": 1.0000001192092896,
            "enableCEPersistency": 0
        },
        {
            "name": "Barrel_Green",
            "pos": [
                13557.2548828125,
                35.73794174194336,
                8375.005859375
            ],
            "ypr": [
                0.235895037651062,
                0.0,
                -0.0
            ],
            "scale": 0.9999995231628418,
            "enableCEPersistency": 0
        },
        {
            "name": "Barrel_Blue",
            "pos": [
                13557.271484375,
                36.51918029785156,
                8374.998046875
            ],
            "ypr": [
                0.23589497804641725,
                0.0,
                -0.0
            ],
            "scale": 1.0,
            "enableCEPersistency": 0
        },
        {
            "name": "PowerGenerator",
            "pos": [
                13557.232421875,
                35.73794174194336,
                8374.18359375
            ],
            "ypr": [
                89.99993133544922,
                -0.0,
                -0.0
            ],
            "scale": 1.0,
            "enableCEPersistency": 0
        },
        {
            "name": "Spotlight",
            "pos": [
                13557.091796875,
                35.73794174194336,
                8373.6640625
            ],
            "ypr": [
                89.99995422363281,
                -0.0,
                -0.0
            ],
            "scale": 1.0,
            "enableCEPersistency": 0
        },
        {
            "name": "Spotlight",
            "pos": [
                13557.1103515625,
                35.73794174194336,
                8373.3525390625
            ],
            "ypr": [
                5.3904266357421879,
                0.0,
                -0.0
            ],
            "scale": 0.9999999403953552,
            "enableCEPersistency": 0
        },
        {
            "name": "Spotlight",
            "pos": [
                13557.1162109375,
                35.73794174194336,
                8373.0625
            ],
            "ypr": [
                123.40351867675781,
                -0.05459904298186302,
                -0.036006372421979907
            ],
            "scale": 1.0,
            "enableCEPersistency": 0
        },
        {
            "name": "CableReel",
            "pos": [
                13557.125,
                35.73794174194336,
                8372.8076171875
            ],
            "ypr": [
                0.0,
                -0.0,
                -0.0
            ],
            "scale": 1.0,
            "enableCEPersistency": 0
        },
        {
            "name": "CableReel",
            "pos": [
                13557.7412109375,
                35.73794174194336,
                8375.3017578125
            ],
            "ypr": [
                0.0,
                0.0,
                -0.0
            ],
            "scale": 1.0,
            "enableCEPersistency": 0
        },
        {
            "name": "TTSKOBoots",
            "pos": [
                13543.599609375,
                36.81365966796875,
                8395.7685546875
            ],
            "ypr": [
                35.999996185302737,
                -0.0,
                -0.0
            ],
            "scale": 1.0,
            "enableCEPersistency": 0
        },
        {
            "name": "Land_Misc_Well_Pump_Yellow",
            "pos": [
                13545.8486328125,
                37.41218185424805,
                8396.42578125
            ],
            "ypr": [
                137.76849365234376,
                0.0,
                -0.0
            ],
            "scale": 1.0,
            "enableCEPersistency": 0
        },
        {
            "name": "StaticObj_Furniture_wardrobe_b",
            "pos": [
                13546.2978515625,
                36.53884506225586,
                8396.876953125
            ],
            "ypr": [
                -126.00006103515625,
                0.0,
                -0.0
            ],
            "scale": 1.0,
            "enableCEPersistency": 0
        },
        {
            "name": "OffroadHatchback_Blue",
            "pos": [
                13557.921875,
                35.972145080566409,
                8387.865234375
            ],
            "ypr": [
                -25.848247528076173,
                4.066372394561768,
                1.4454784393310547
            ],
            "scale": 1.0,
            "enableCEPersistency": 0
        },
        {
            "name": "HatchbackWheel",
            "pos": [
                13563.8837890625,
                35.699222564697269,
                8372.6767578125
            ],
            "ypr": [
                -177.26759338378907,
                4.40228632214712e-7,
                89.99984741210938
            ],
            "scale": 1.0000038146972657,
            "enableCEPersistency": 0
        },
        {
            "name": "HatchbackWheel",
            "pos": [
                13563.8671875,
                35.89970779418945,
                8372.625
            ],
            "ypr": [
                -177.26760864257813,
                4.401977093948517e-7,
                89.99984741210938
            ],
            "scale": 1.000013828277588,
            "enableCEPersistency": 0
        },
        {
            "name": "HatchbackWheel",
            "pos": [
                13564.673828125,
                35.669761657714847,
                8369.0986328125
            ],
            "ypr": [
                -174.2154541015625,
                0.0000029481955152732555,
                89.9998779296875
            ],
            "scale": 1.0000044107437134,
            "enableCEPersistency": 0
        },
        {
            "name": "HatchbackWheel",
            "pos": [
                13564.7080078125,
                35.783206939697269,
                8369.677734375
            ],
            "ypr": [
                -174.21585083007813,
                17.999853134155275,
                89.9999008178711
            ],
            "scale": 0.9999921321868897,
            "enableCEPersistency": 0
        },
        {
            "name": "HatchbackTrunk_Blue",
            "pos": [
                13563.2294921875,
                36.037906646728519,
                8374.6474609375
            ],
            "ypr": [
                -86.94468688964844,
                -0.00016904812946449965,
                2.568006891578989e-7
            ],
            "scale": 1.0000057220458985,
            "enableCEPersistency": 0
        },
        {
            "name": "HatchbackHood_Blue",
            "pos": [
                13562.9287109375,
                36.32126998901367,
                8374.5751953125
            ],
            "ypr": [
                95.15132904052735,
                -80.0000991821289,
                -0.0
            ],
            "scale": 1.0000003576278687,
            "enableCEPersistency": 0
        },
        {
            "name": "StaticObj_Furniture_tools_racking",
            "pos": [
                13557.189453125,
                35.73794174194336,
                8371.9296875
            ],
            "ypr": [
                89.99993133544922,
                -0.0,
                -0.0
            ],
            "scale": 1.0,
            "enableCEPersistency": 0
        },
        {
            "name": "CarRadiator",
            "pos": [
                13557.4609375,
                36.36509704589844,
                8371.8955078125
            ],
            "ypr": [
                -90.00008392333985,
                90.0,
                -180.0
            ],
            "scale": 1.0,
            "enableCEPersistency": 0
        },
        {
            "name": "CarBattery",
            "pos": [
                13557.2109375,
                36.322940826416019,
                8372.3857421875
            ],
            "ypr": [
                89.99995422363281,
                -0.0,
                -0.0
            ],
            "scale": 1.0,
            "enableCEPersistency": 0
        },
        {
            "name": "HeadlightH7_Box",
            "pos": [
                13557.2763671875,
                36.83954620361328,
                8371.5546875
            ],
            "ypr": [
                0.0,
                0.0,
                -0.0
            ],
            "scale": 1.0,
            "enableCEPersistency": 0
        },
        {
            "name": "HeadlightH7_Box",
            "pos": [
                13557.197265625,
                36.83954620361328,
                8371.6533203125
            ],
            "ypr": [
                0.0,
                0.0,
                -0.0
            ],
            "scale": 1.0,
            "enableCEPersistency": 0
        },
        {
            "name": "BDUJacket",
            "pos": [
                13542.9765625,
                37.961177825927737,
                8396.095703125
            ],
            "ypr": [
                -144.00006103515626,
                0.0,
                -0.0
            ],
            "scale": 0.9999999403953552,
            "enableCEPersistency": 0
        },
        {
            "name": "BDUPants",
            "pos": [
                13543.3388671875,
                37.97731018066406,
                8395.9638671875
            ],
            "ypr": [
                -46.87207794189453,
                0.0,
                -0.0
            ],
            "scale": 1.0000003576278687,
            "enableCEPersistency": 0
        },
        {
            "name": "BalaclavaMask_BDU",
            "pos": [
                13542.8271484375,
                38.09779739379883,
                8396.25
            ],
            "ypr": [
                -45.0,
                73.99999237060547,
                -0.0
            ],
            "scale": 1.0,
            "enableCEPersistency": 0
        },
        {
            "name": "BallisticHelmet_BDU",
            "pos": [
                13543.060546875,
                38.12678146362305,
                8396.4150390625
            ],
            "ypr": [
                53.99998474121094,
                0.0,
                -0.0
            ],
            "scale": 1.0,
            "enableCEPersistency": 0
        },
        {
            "name": "SmershVest",
            "pos": [
                13543.2490234375,
                38.105613708496097,
                8396.1376953125
            ],
            "ypr": [
                9.0,
                0.0,
                -0.0
            ],
            "scale": 1.0,
            "enableCEPersistency": 0
        },
        {
            "name": "SmershBag",
            "pos": [
                13543.1669921875,
                38.101890563964847,
                8396.1611328125
            ],
            "ypr": [
                107.99993896484375,
                0.0,
                -0.0
            ],
            "scale": 1.0,
            "enableCEPersistency": 0
        },
        {
            "name": "DryBag_Black",
            "pos": [
                13545.8525390625,
                37.22463607788086,
                8391.763671875
            ],
            "ypr": [
                148.83590698242188,
                0.0,
                -0.0
            ],
            "scale": 1.0,
            "enableCEPersistency": 0
        },
        {
            "name": "PaddedGloves_Brown",
            "pos": [
                13543.2138671875,
                38.106712341308597,
                8395.9501953125
            ],
            "ypr": [
                -44.99998092651367,
                0.0,
                -0.0
            ],
            "scale": 1.0,
            "enableCEPersistency": 0
        },
        {
            "name": "FNX45",
            "pos": [
                13542.09375,
                37.989830017089847,
                8391.958984375
            ],
            "ypr": [
                72.0,
                -90.0,
                -180.0
            ],
            "scale": 0.9999999403953552,
            "enableCEPersistency": 0
        },
        {
            "name": "Mag_FNX45_15Rnd",
            "pos": [
                13542.2802734375,
                37.98591995239258,
                8391.634765625
            ],
            "ypr": [
                152.99998474121095,
                90.0,
                -180.0
            ],
            "scale": 0.9999999403953552,
            "enableCEPersistency": 0
        },
        {
            "name": "Mag_FNX45_15Rnd",
            "pos": [
                13542.2939453125,
                37.98591995239258,
                8391.7421875
            ],
            "ypr": [
                -52.57255172729492,
                89.98020935058594,
                -0.000005008955668017734
            ],
            "scale": 1.0000001192092896,
            "enableCEPersistency": 0
        },
        {
            "name": "Mag_FNX45_15Rnd",
            "pos": [
                13542.1357421875,
                37.98591995239258,
                8391.650390625
            ],
            "ypr": [
                32.451210021972659,
                90.0,
                -0.000005008955668017734
            ],
            "scale": 1.0000005960464478,
            "enableCEPersistency": 0
        },
        {
            "name": "Matchbox",
            "pos": [
                13541.9482421875,
                38.031959533691409,
                8391.39453125
            ],
            "ypr": [
                44.99999237060547,
                -0.0,
                -0.0
            ],
            "scale": 0.9999999403953552,
            "enableCEPersistency": 0
        },
        {
            "name": "HatchbackDoors_Driver_Blue",
            "pos": [
                13562.9091796875,
                35.982818603515628,
                8372.8125
            ],
            "ypr": [
                -177.97097778320313,
                0.0,
                4.999999046325684
            ],
            "scale": 1.0000003576278687,
            "enableCEPersistency": 0
        },
        {
            "name": "HatchbackDoors_CoDriver_Blue",
            "pos": [
                13563.2177734375,
                35.899593353271487,
                8372.7763671875
            ],
            "ypr": [
                -17.593381881713868,
                0.0,
                -15.0
            ],
            "scale": 1.0000001192092896,
            "enableCEPersistency": 0
        }
    ]
}